wifi_spot_address_id,wifi_spot_address_city,wifi_spot_address_country,wifi_spot_address_district,wifi_spot_address_line_1,wifi_spot_address_line_2,wifi_spot_address_zip_code
168bfde9-f5dc-419d-a6ec-1873acbcf55c,"Vila Franca de Xira","West Bank","Santo Tirso","R. de Vieira, 872","9",4041-808
f09142f0-9a82-4d91-b718-664b53c7fd86,"Mirandela","Butão","Maia","Travessa de Miranda, 97","3",8156-658
9d60459b-b98a-4d6a-bb6b-8695f1075a97,"Espinho","Ilhas Heard e McDonald","Viana do Castelo","Alameda Ivo Barros, 322","75",2179-272
bd3f4039-e104-4017-9d4d-280840519202,"Vizela","Pacific Ocean","Anadia","R. de Gustavo Eiffel, 3","S/N",7211-648
e9582867-538d-40ea-b3ee-3dad94bfda9e,"Lagoa","Maldivas","Montemor-o-Novo","Travessa Almeida, 894","3",9537-572
1539b57a-7bc9-4e29-abfb-9367b954d5e6,"Portalegre","Índia","Gondomar","Alameda de Neptuno, 28","S/N",6117-354
ec846a3c-1091-40fb-919b-278d4eaff227,"Castelo Branco","Dinamarca","Queluz","Travessa do Seminário, 75","870",3143-076
5902615b-3e9e-4414-9095-a557b8ce78ab,"Peso da Régua","Gibraltar","Entroncamento","Alameda Sérgio Barbosa, 14","57",7579-890
624c03be-3ea1-4dc5-ae31-a11d76c71569,"Ovar","Nicarágua","Seixal","R. Melissa Reis, 6","S/N",8102-872
3f97c51c-46ea-4d69-9331-12d0abecb54d,"Fundão","São Cristóvão e Neves","Covilhã","Praça Kelly Anjos, 42","92",8129-369
c67a1e68-1737-4d2e-b406-daa741d6c707,"Agualva-Cacém","West Bank","Rio Tinto","Av Erika Neves, 88","64",6410-693
132b6a7e-1781-42c0-92e0-6186cb585190,"Santana","Áustria","Seia","Av de Cunha, S/N","53",3154-803
aa229508-f896-4e24-9768-8d2781ba65a3,"Tomar","Somália","Almeirim","Largo de Pinho, 770","28",9042-897
1de8e853-4d20-4d9f-9433-34c955f7aae8,"Tavira","Paracel Islands","Oliveira do Bairro","Avenida Benjamim Neves, 17","8",3550-500
c8a9c612-5828-4570-8bf6-c99d5c4ea4fd,"São João da Madeira","Croácia","Macedo de Cavaleiros","Praça S. Bartolomeu, 94","10",7042-724
d2db49c0-390d-48fa-9b9d-b9c3b7446b2e,"Olhão","Haiti","Valpaços","Alameda de Garcia, 79","6",5409-717
05fdc829-5da2-4fa3-a99d-133317b89d5d,"Almada","Guiné","Maia","Rua Barbosa, 845","56",4698-815
0676de12-dce8-42c4-92b6-2aea5364ecc9,"Serpa","China","Angra do Heroísmo","Largo Ângela Nascimento, S/N","53",4821-464
99701ec5-ed1f-4d3a-b810-43c1c97a917d,"Gandra","Argentina","Elvas","Largo Beatriz Alves, 45","19",2265-227
c73e18b8-0997-41c3-9196-b07c5857d179,"Porto Santo","Gronelândia","Alcácer do Sal","Rua Emanuel Vaz, 4","8",2942-936
9a86232d-df86-4830-9630-3eb7313e5f50,"Serpa","Chade","Quarteira","Largo de Rocha, 5","85",9170-225
0d506b8d-a1ae-4fd7-8680-a1470763f213,"Póvoa de Varzim","Singapura","Évora","Rua Tomás Pinto, 64","46",8727-684
b42ff100-c4e7-4cc0-8d6c-430b838819ad,"Pombal","Guernsey","Ribeira Grande","R. Mara Pinto, S/N","76",4075-417
9aec6ef7-f948-470f-ba09-6df2acb964a1,"Paredes","Síria","Portalegre","Rua Beatriz Figueiredo, 15","54",1750-775
2ae7f166-6bc6-411b-b592-a595fc865380,"São Mamede de Infesta","Barbados","Santa Comba Dão","Rua do Carvalhão, 7","3",1852-404
ee7a9aca-637c-4bba-8521-fb9c2cec3a8e,"Oliveira de Azeméis","Gabão","Porto Santo","Av Andreia Melo, 6","43",5566-695
68004678-10f5-44fa-8bdc-0c485ea4277d,"Ponta Delgada","Ilha Bouvet","Évora","Rua Ribeirinhos, S/N","490",5705-248
9e6431c7-88f3-467a-a410-619a86723494,"Covilhã","Baamas","Albufeira","Av Gabriela Rodrigues, 22","20",7062-765
eea9e316-78ee-428c-b134-80e1c72c1a45,"Tomar","Ilhas Cook","Viana do Castelo","R. de Azevedo, 77","52",5001-610
e6a34222-bdf3-423b-8865-8b14d9f6f91e,"Ílhavo","Bélgica","Mangualde","Av de Gaspar, S/N","748",5376-152
e7975ed0-6031-4e8d-8d86-4d2d1431bc68,"Fiães","São Cristóvão e Neves","Fiães","Avenida Fábio Amaral, 272","8",1246-227
2e45fbc9-13c6-4337-ae42-31fd73faca83,"Lourosa","Micronésia","Lourosa","Rua do Anjo da Guarda, 86","35",4220-953
a36007c6-907d-40c7-9088-d88328736cc8,"Viana do Castelo","Argélia","Odivelas","Largo de Ramos, 70","32",3486-682
046eeccf-ce29-450f-9ff7-17cb2add577c,"Loulé","São Pedro e Miquelon","Almada","Avenida de Barros, 122","88",1358-117
6abecc4e-743b-4346-b26a-253cda36f25d,"Gondomar","Dinamarca","Viseu","Av Larissa Tavares, 62","65",1824-456
8800b78d-aefa-4c18-9745-63b21d7931a1,"Torres Novas","Southern Ocean","Alverca do Ribatejo","Alameda Machado, 14","6",5276-528
1194f4db-1b4c-448f-8cad-c8d754620c2f,"Espinho","Comores","Funchal","Av de Santo António dos Capuchos, 15","27",7507-275
2df1f596-ecd9-4db8-93e7-03d5106ae251,"Rebordosa","Turquia","Almeirim","Travessa de Correia, 23","5",0590-730
ca64af98-ce7d-476d-85da-bd562612444c,"Viana do Castelo","Gaza Strip","Macedo de Cavaleiros","Travessa Barros, 70","26",3820-483
ff165b19-41b8-4878-8079-5428e4937f76,"Caldas da Rainha","Omã","Costa da Caparica","Rua de Vaz, 42","869",9188-295
b4b0a5e5-053e-4879-bca4-da9ed8f1be7c,"Anadia","São Vicente e Granadinas","Peso da Régua","Praça Victória Pinho, 23","94",3735-258
b6b67df4-03dc-4af0-979e-2f9a99d3ee7d,"Tomar","Laos","Porto Santo","Largo Patrícia Torres, S/N","25",9424-308
aa113173-e331-4df9-9e83-284e05f64bea,"Seia","Lesoto","Porto Santo","Avenida Carlos Pacheco, 76","27",5676-660
e9c1e742-09bc-4a01-9faf-dfb3e15b903f,"Porto Santo","Belize","Reguengos de Monsaraz","R. Caetana Monteiro, 927","640",2549-157
f64738f4-c6e8-4ee5-8dbf-645e66a1d375,"Alverca do Ribatejo","Suíça","Funchal","Travessa de Guerreiro, 4","46",7454-198
bc370a5f-fb2c-4f3f-a21e-e0fe3ad6a9c1,"Ribeira Grande","Cuba","Viseu","R. Cristiano Matos, 56","7",0502-194
a67cdb14-5c44-4090-a237-a4101f860958,"Lourosa","Islândia","Leiria","Avenida de Brito, 54","7",7516-979
59d9603e-f7b5-4af7-b335-a579937c038a,"Serpa","Suíça","Oliveira do Bairro","Alameda do Alto de São João, 1","S/N",9659-433
3dd9280a-9718-476d-bfdf-4c7cbec49227,"Gondomar","Nicarágua","Bragança","Avenida Simão Abreu, S/N","143",1668-708
39674505-98e5-41f8-927d-3aed19bbb2ef,"Moura","São Pedro e Miquelon","Reguengos de Monsaraz","Largo Núria Cruz, S/N","23",2853-132
925ccc22-f104-4795-a4bd-9f1a8aa1ac74,"Chaves","Quiribáti","Valbom","Av Kevin Vaz, 17","1",7139-971
c3e7204a-64f5-4574-b116-fd383f479677,"Sabugal","Roménia","Alcobaça","R. de Marques, S/N","12",7548-203
27293269-87b6-4c4f-8ca7-45a9d9b05d4f,"Fafe","Domínica","Macedo de Cavaleiros","Av Gomes, S/N","S/N",8095-052
d1201d48-a56a-476c-98e5-0039d605092d,"Agualva-Cacém","Mongólia","Valpaços","Av de Cruz, 74","705",2187-254
0c7208a5-13f8-486e-adb9-cd13a8fefbb0,"Porto Santo","Eslováquia","Covilhã","Praça de José Serra, S/N","S/N",2607-331
804bb182-d21c-4745-90c2-1391c1966477,"Vila do Conde","Brunei","Figueira da Foz","Av de Alves, 60","77",2057-895
07952d1c-0f0b-47ee-9ba5-51883d4dcd3a,"Vale de Cambra","Islândia","Angra do Heroísmo","Rua Sofia Gomes, 42","887",1762-279
931b2799-2677-44f1-91fc-9b9c1d8be1d7,"Cartaxo","Ashmore and Cartier Islands","Tarouca","Rua Anita Costa, S/N","S/N",8871-189
99a883a7-3efb-4756-8f7d-6208b3daf3bf,"Pinhel","Sara Ocidental","Matosinhos","Avenida Almeida, S/N","98",8359-657
f9daa1e7-af24-4add-acbf-b020a9e4f1ea,"Seia","Botsuana","Lamego","Rua de Matias, 18","17",6359-630
e8bccf15-92e3-4cb5-8281-272150919840,"Felgueiras","Guame","Almada","Praça do Monte da Lapa, 4","5",7200-577
7a305452-c2d8-4717-8167-e273bbbd6690,"Rio Maior","Marrocos","Macedo de Cavaleiros","Largo de Reis, 918","24",4350-246
ac62d1c0-c51a-4741-be1a-5375b886889d,"Almeirim","Butão","Ponte de Sor","Largo de Vicente, S/N","947",3860-570
7026ab60-b778-484c-af62-1eb66afd7449,"Santiago do Cacém","Aruba","Faro","R. Lia Almeida, 9","37",2711-795
cda67bb8-e50b-4402-888f-5f2e05652352,"Almada","West Bank","Moura","Largo Faria, 64","86",7092-896
0425640d-fc00-4cbd-a125-9be704c51bdd,"Estremoz","Bermudas","Horta","R. de Marques, 16","S/N",7954-721
aa0019e7-2e2a-4c8f-9102-e4fb0c7a4ba1,"Peso da Régua","Wake Island","Silves","Alameda Reis, S/N","67",5587-125
edaa7f7b-e4fe-498a-a80e-f8c8337a829e,"Ponte de Sor","Ilhas Virgens Britânicas","Bragança","Rua Diego Gaspar, 211","33",6687-443
e15f80ce-63f5-4a80-b3a9-ac2b219c2876,"Barcelos","Brunei","Entroncamento","R. Mota, 11","26",9851-269
60176f0e-389e-478a-9ca8-98620944aafd,"Santarém","Polónia","Horta","R. Futebol Clube do Porto, 94","S/N",9892-732
14f684d4-3234-4cc9-9e2d-2c32dd231fc5,"Vila Nova de Santo André","Vanuatu","Rebordosa","Rua de Soares, 8","116",1906-486
513d62cf-3b60-4e65-b070-efb035ef91b0,"Portalegre","Akrotiri","Santana","Praça Cardoso, 64","69",6362-574
84872ee8-815c-45c6-95d7-7e354661c93c,"Póvoa de Varzim","Territórios Austrais Franceses","Cantanhede","Largo do Cidral de Baixo, 65","7",3489-385
41b3efa4-0e1a-43d7-aa29-afe15ae52de0,"Ponte de Sor","Eslováquia","Lamego","Rua de João Chagas, 15","67",9822-444
e2173975-22a0-4197-ae78-9b465d93f1e3,"Covilhã","São Tomé e Príncipe","Trancoso","Alameda de Nunes, 324","3",7319-723
ce967d2f-5ebe-4bf3-8234-20a14e10cc7a,"Vila Real","Bangladeche","Lamego","Praça de Azevedo, 45","8",8386-583
c3ab52ef-f6b9-4837-a35e-21afb2a07b8a,"Olhão","Togo","Trancoso","Av do Meiral, 62","97",8887-813
fcdf35d5-d11a-43bb-bb5f-68d05fb15b0b,"Tarouca","Mali","Odivelas","Avenida de João do Carmo, S/N","992",0379-788
473309bd-dfcf-47a7-a3f6-7d38f0a5107e,"Marco de Canaveses","Anguila","Santo Tirso","Avenida de Martins, 82","7",6761-593
ab3ca434-4ee1-437b-91ca-c8c03c5d4b77,"Santarém","Moçambique","São Mamede de Infesta","Travessa de Santos, S/N","5",8655-545
bbb53efe-cdb8-42e8-af4a-fa468b2778a3,"Macedo de Cavaleiros","Canadá","Caldas da Rainha","Travessa Freitas, 7","36",8169-646
d6527f7d-cb2e-4883-948e-a6f90e88976d,"Peniche","Jan Mayen","Vendas Novas","Travessa Gil Silva, 2","4",3904-942
89ab90e5-70e6-4efa-bbf6-25711d973523,"Porto Santo","Chile","Odivelas","Avenida Marques, 3","24",2455-241
28fe6f71-da25-4c63-bc30-c9f90e0b2366,"Gondomar","Clipperton Island","Miranda do Douro","Alameda Martins, 43","S/N",2729-884
ceb9286f-d5c9-4c0d-9308-74f9c3c6a730,"Albufeira","Maurícia","Fundão","Praça Pinho, 97","984",0864-251
779bea79-8ff5-4319-ae05-36816f95e660,"Faro","Serra Leoa","Ourém","Largo Núria Azevedo, 22","41",9229-828
776ab786-047b-4168-8388-d715de38e102,"Paredes","Suécia","Sines","Rua da Rainha D. Leonor, 2","40",4527-384
20fbb486-34d8-4446-96cb-2a033a01e733,"Lixa","Togo","Santarém","Alameda de Garcia, 703","18",4946-828
839b201a-6917-4874-bddb-2539affe8411,"Cantanhede","Bolívia","Viana do Castelo","R. Ivan Carvalho, 17","47",6537-301
0cd8ead2-9b21-4deb-ab19-59f039e99aa0,"Cantanhede","Congo-Kinshasa","Esmoriz","R. Esteves, 78","274",3188-928
f01690e2-42ed-4454-8a0b-bfb6dd2b430c,"Seia","Espanha","Mealhada","Travessa de Nunes, 32","S/N",4948-188
d8bc7dd7-9968-4dcd-85b7-114f10ac925f,"Estremoz","Argélia","Alcobaça","Largo dos Rouxinóis, 476","S/N",6090-574
533fcc9d-7021-40d0-90f2-3f46dab082a3,"Odivelas","Comores","Setúbal","Rua Afonso de Albuquerque, 61","9",8516-377
06d5a240-3c5f-46d6-84d5-d9a12b599f57,"Oliveira de Azeméis","Nauru","Figueira da Foz","R. de Guerreiro, 81","53",7555-024
9fcb3c0f-1c0c-4620-96d2-97ef1dd71b0c,"Vila Nova de Famalicão","Gabão","Almada","Avenida Lourenço Assunção, 731","6",6674-185
2eb2b720-abae-4fd5-b9cc-2e1dd56cdabd,"Vila Real de Santo António","Suriname","Ponta Delgada","R. Alves, 58","742",1291-777
d3892cb0-76c5-4cc2-9d82-328a9619d0b1,"Vila Franca de Xira","Ilha do Natal","Loulé","Largo Lourenço, 595","10",3966-041
dab2933c-1ccd-41cc-8347-e66d687ceb59,"Fafe","Polónia","Lisboa","Avenida da França, 29","280",8252-800
72bf3ef6-96c5-4c7d-851a-d352fc71bd54,"Valbom","Guiné","Macedo de Cavaleiros","Av de Augusto Gomes, 1","57",3621-648
82faa8cb-7daa-4bea-ae7d-e13d25885fbc,"Amora","Domínica","Vila Nova de Santo André","Av Laura Nunes, S/N","17",6335-150
c0f2c4d6-5e18-424b-a78e-0b2ac2914b76,"Vizela","Japão","Bragança","Travessa Pinho, 69","8",6618-474
0bc43f9b-d540-4fd6-9cf7-44ebd61582f3,"Vizela","Mali","Lixa","Travessa de Miranda, 26","2",0625-307
04adfe8a-9cc6-46fb-a214-b11cf09d3d5e,"Ovar","Zimbabué","Alverca do Ribatejo","Alameda Bernardo Macedo, 599","S/N",4986-203
583fa731-da80-4290-af1a-ab76cd531670,"Freamunde","Ashmore and Cartier Islands","Elvas","Rua de Ribeiro, 152","386",4823-874
d98caac8-347c-48c5-88af-b1d9eaf84c06,"Portalegre","Spratly Islands","Valpaços","Largo Fernandes, 5","376",8134-012
858e8418-1748-4c2e-9926-de5a6c498fa0,"São Salvador de Lordelo","Coral Sea Islands","Montemor-o-Novo","Avenida Paiva, 68","90",5642-345
bf61e081-808e-41f3-8c00-cc3e3da91161,"Penafiel","Países Baixos","Santarém","Avenida de Borges, 9","S/N",9269-118
10f7b6f6-f681-4cff-8013-70dad0412e38,"Moura","Suriname","Lourosa","Av do Anjo, 83","S/N",5193-306
c7fc3f8a-bee1-45ee-ac6a-16fd6b838ffe,"Lagoa","Nicarágua","Almeirim","Rua de Simões, 2","16",5301-505
400a2943-db53-4b67-9d70-4c0e2af56825,"Rio Tinto","Marianas do Norte","Lamego","Largo de Camilo, 45","S/N",3767-494
52faf92f-17ce-4f94-bd39-e77c7bf4fcf0,"Porto Santo","Atlantic Ocean","Lourosa","Travessa Wilson Mendes, 753","97",6122-257
cd952822-02db-4dc5-80f4-032ba6171793,"Loulé","Pitcairn","Bragança","Alameda de Simões, 52","75",6985-735
6c2607fa-5edc-4dc9-b2f7-10c7d250603a,"Reguengos de Monsaraz","Cuba","Torres Vedras","Rua Reis, S/N","275",6972-608
a17231bc-a749-4939-a8ef-a80cebe23513,"Funchal","Mónaco","Maia","Rua Mota, 38","71",6821-295
8d558ab6-3847-4cbb-bae2-c27c7808da04,"Anadia","Omã","Felgueiras","Av Bryan Faria, 995","2",7611-238
b357f5d8-88e2-4c08-9bc4-11cc22de72d5,"Caniço","Southern Ocean","Santa Maria da Feira","Travessa Inês Reis, 55","67",3271-882
6c79814d-85a6-49de-b505-15aa668bf50b,"Pombal","Guiné","Oliveira do Hospital","Alameda de Amaral, 80","16",7382-051
0b5fd66b-4d0f-4623-a014-7e7e2176956c,"Agualva-Cacém","Vaticano","Rebordosa","R. Alexandra Lopes, 45","792",8248-033
c6601c0f-a740-4b51-9f88-446a755fc153,"Felgueiras","Dhekelia","Peniche","Rua Mara Leal, 828","62",1125-130
82fb5f0c-dd3e-40ee-9d8e-0cf15fc1483a,"Rio Tinto","Equador","Faro","Av Jorge Melo, 52","S/N",4381-525
7a3380d3-7b10-4e5d-96b6-e2f8339b7e78,"Valpaços","Azerbaijão","Moura","Av de S. Francisco de Borja, 9","97",5095-931
e978fc1a-33d6-46ee-9a92-62e8acfab915,"Sacavém","China","Costa da Caparica","Travessa Rúben Matias, 6","90",4926-600
56374c38-67c8-45f5-9b8a-205702d7b0a2,"Lamego","Wake Island","Cantanhede","Praça de Borges, 41","91",7352-479
a30585da-fa1f-422c-8519-237c70f8158d,"Vila Nova de Famalicão","Ilha Norfolk","Esmoriz","Praça de Magalhães, S/N","575",0766-280
8aae8bc7-ab83-4105-91ac-f3f97858b283,"Vila Real","Ilha do Natal","Bragança","Rua Melo, 95","S/N",4157-194
3122d3c6-164a-42bc-8c81-97141873f050,"Abrantes","Noruega","Beja","Rua de Esteves, 95","48",7375-570
21e23970-26fe-414b-a004-283e310c175e,"Vila do Conde","Akrotiri","Costa da Caparica","Alameda de Basílio Teles, S/N","6",7050-247
631d4ead-2274-4ed3-9b8c-778ecd123f42,"São Salvador de Lordelo","Guiana","Almeirim","Alameda Xavier Loureiro, 141","53",4740-678
ae99ff28-2261-46f0-bae9-6d32ead1e9d6,"Leiria","Líbano","Alverca do Ribatejo","Av Ângela Soares, 59","13",7002-189
2e85125f-94e8-4613-adf4-8b78fc3fcfd8,"Barcelos","Brunei","Oliveira de Azeméis","Praça Íris Correia, S/N","27",2714-149
16a57e6b-3e4f-478b-84f6-d6fede5a0722,"Seia","Domínica","Oliveira do Hospital","Travessa Madrid, 50","1",7156-641
3c9ddfe3-b394-401b-ab13-c85769cdd20b,"Santa Cruz","Omã","Angra do Heroísmo","Largo Soares, 26","8",8185-310
12aed756-be8f-411d-bd19-9aa40854ae55,"Caniço","Zâmbia","Paredes","Avenida das Cebolas, 78","72",3613-041
37ab42c6-afda-4a96-a9b9-0342ea2cdf9b,"Viseu","Colômbia","Sines","Av Assunção, 53","S/N",0191-651
7669060c-82a4-4633-8f0d-55447e8f5201,"Cartaxo","Indonésia","Peniche","Avenida de Rodrigues, S/N","897",6036-750
87da36ac-6ff7-404e-baf3-93830b1f987e,"Tavira","Turquemenistão","Vila do Conde","Praça Artur Silva, 9","7",8833-308
16edfe07-749c-4fb4-9b7d-ed7f676aef3a,"Viseu","Líbia","Faro","Largo Wilson Costa, 8","30",1898-843
72837863-fb14-49f0-9eca-bdf86e6f7a41,"Mangualde","Tanzânia","Coimbra","Travessa Letícia Matos, 81","36",9827-873
926e8e9c-8903-453f-bbd9-07b781d5692f,"Alverca do Ribatejo","Botsuana","Queluz","Alameda Pinto, 23","47",6189-736
476660cb-e986-424e-b525-2fa0df7c4e49,"Santa Comba Dão","China","Sintra","Avenida Frederico Pereira, 431","44",4237-453
4407962c-c267-412c-88ca-cf3eff90718c,"Serpa","Svalbard e Jan Mayen","Freamunde","Travessa de Baixo da Penha, 3","17",4490-991
ad5c34eb-3f17-48cc-8131-4cd427a2bf64,"Agualva-Cacém","Benim","Macedo de Cavaleiros","R. Sousa, 70","21",1472-948
7bf88333-b96e-4316-8934-0346c1390bda,"Loulé","Senegal","Barcelos","Rua Cardoso, 93","59",2072-713
28ae85bc-7e48-49e1-b902-8ef930ad8684,"Santana","Barém","Valpaços","Avenida Garcia, S/N","2",0850-185
9911af60-343f-443f-93ec-03ec70b2c434,"Serpa","Nepal","Gandra","Avenida Luana Miranda, 658","6",7666-590
402f37bd-e891-42b5-b2b6-6fcf0e9b7667,"Angra do Heroísmo","Burúndi","Loulé","Alameda do Peneireiro, 84","39",4323-484
2135a1dd-a1cb-47b9-815b-a5604a1ec6fa,"Esmoriz","Gronelândia","Almeirim","Largo Leonor Ribeiro, 88","8",5772-692
444dd26e-e8ab-47bc-9bb1-693edd01f0a0,"Felgueiras","Gabão","Barreiro","Largo Carminho Fernandes, 33","950",0283-832
ba719608-e3cc-4909-bf0b-bad5cf06c129,"Ermesinde","Vaticano","Almeirim","Largo Bárbara Correia, 9","9",8423-505
91c93dde-1d82-40f8-b94f-51e25729966c,"Câmara de Lobos","Indian Ocean","Lamego","Alameda das Oliveiras, 6","726",2213-220
8d0a51b1-5e03-4177-beb5-f053c8cf0371,"Matosinhos","Estónia","Vendas Novas","Rua de Lopes, 499","40",3792-026
137430a8-0707-4c70-a65f-65a696497907,"Ermesinde","Geórgia do Sul e Sandwich do Sul","Mangualde","Travessa do Buraco, 6","29",8321-059
467ad7fa-4baa-4b0f-ae53-77fb315ea874,"Vila Nova de Santo André","Suécia","Paços de Ferreira","R. de Soares, 81","S/N",7399-216
e3450e43-86af-4cd9-a3bb-22046ced6370,"Caldas da Rainha","Tonga","Almada","Av Maia, 53","43",7196-155
703c484b-26fd-43e4-81f6-8f655b26a7a4,"Montijo","Etiópia","Torres Vedras","R. Leal, S/N","47",3293-725
ed4b01ce-228c-441a-a277-f94dabf0233e,"Póvoa de Varzim","Albânia","Abrantes","Travessa Amorim, 76","726",6069-912
19029665-fc04-4cc4-8c68-81f439634e82,"Castelo Branco","Turquemenistão","Porto Santo","Alameda Renato Garcia, 60","6",2165-339
ac537702-4539-445b-b234-8d7f98c8fbf1,"Peso da Régua","Moçambique","Montemor-o-Novo","Largo das Laranjeiras, 50","23",9779-919
b4c9bb0b-be0d-4fba-8b97-b339f71e9701,"Esposende","Bósnia e Herzegovina","Paços de Ferreira","Largo Tomás Simões, S/N","89",3037-125
80ff4670-7fe8-4413-810d-9436862c4aa3,"Vendas Novas","Congo-Kinshasa","Lamego","Largo Alves, S/N","9",7291-860
01d84d11-19ad-4c57-8f62-feec2ecf17d3,"Santana","Tokelau","Elvas","Largo Flor da Rosa, 9","12",8231-106
a184e493-fb9a-4603-a580-1cb87276d858,"Lamego","Paracel Islands","Amarante","R. Macedo, S/N","8",4722-840
ef6664a4-125c-4b83-a9a6-6524e9b2bab1,"Esposende","Senegal","Almada","Praça Faria, S/N","25",0421-395
bd76170e-8e93-4b91-9007-5e7ae7cb00c4,"Gouveia","Costa Rica","Ermesinde","R. Teresa Valente, 99","66",7029-857
3e8c4299-c022-4684-8c0d-86dbb04f94ca,"Câmara de Lobos","Vanuatu","Amora","Praça de Santa Clara, 569","46",8029-450
a60f29ab-ea54-4c15-8783-b31942544566,"Felgueiras","Antígua e Barbuda","Setúbal","Av Júlia Matias, 881","55",4563-170
aae95cd4-a3c4-42a3-a153-605ead0148a1,"Amora","Indian Ocean","Reguengos de Monsaraz","Praça Sara Esteves, S/N","9",3973-808
1347e37b-e2b4-4ad9-a016-1046b9f290d6,"Évora","Guiana","Loulé","R. de Fonseca, 57","59",7283-411
93707d79-e421-405d-b4b6-7d09bc9ac14b,"Vila Nova de Foz Côa","Barém","Santo Tirso","Largo Manuel Gonçalves Moreira, 45","84",9893-906
ec6a9979-0c7d-4019-a37f-cf7b181960be,"Seixal","Moçambique","São João da Madeira","Rua de Leal, 5","232",1506-656
382d43c5-253b-4700-993d-30620e55393a,"Cantanhede","Gâmbia","Ponte de Sor","Rua Artur Cupertino de Miranda, 729","6",8770-018
6cd9f688-3718-488f-88ef-335c9baf02aa,"São Mamede de Infesta","Bermudas","Bragança","Travessa de Miranda, 92","78",9872-102
f72122d9-1e6f-4fa7-b450-8e340019792a,"Funchal","Irão","Porto Santo","R. de Lima, 4","48",8951-985
6fdfc0fd-2c6f-4c5d-8b52-7ff5fc225a9a,"Moura","Haiti","Quarteira","Praça Associação Empresarial de Portugal, 71","478",3705-725
1d32e6d2-3638-46b0-8e74-273b64296c08,"Entroncamento","Níger","Cantanhede","Praça de Guerreiro, 8","S/N",6768-199
5262ebf8-d250-4bde-9430-86ca58bb9142,"Amarante","Jan Mayen","Vila do Conde","R. de Vieira, 581","67",9631-735
672604e8-1f44-41f6-9d96-60791a4b67ac,"Montijo","Anguila","Vila Nova de Santo André","Travessa de Jesus, 80","53",0312-159
ebecc204-5611-42cb-8b77-855437e0dbf8,"Aveiro","Antárctida","Santa Maria da Feira","Travessa de Aquilino Ribeiro, 606","5",0296-615
1b02f519-2739-485f-b37d-24c2c45ac536,"Sacavém","Ilhas Salomão","Santa Comba Dão","Praça de Nunes, 786","16",8126-633
2838f220-3ec4-4240-8ac7-1cf78dfbe36f,"Faro","Espanha","Miranda do Douro","Alameda das Ondas, 367","85",2897-334
456299d9-b9ce-464f-88a9-9ac49eec371b,"Guarda","Man, Isle of","Coimbra","R. de Brito, S/N","789",7608-121
a3d229a4-7416-4f59-9ee4-9d837e17387a,"Gondomar","Estados Unidos","Rebordosa","Avenida Cunha, 54","137",4319-777
22cdf699-ab94-4025-a1bd-8c333227f50e,"Maia","Polinésia Francesa","Matosinhos","R. Pinho, 70","3",9427-641
7a2c99e3-6fd1-4421-a2c2-15caf23ebf58,"Quarteira","Listenstaine","Ourém","Avenida Pereira, 57","47",3033-082
c157deee-b077-4c79-b6a9-c0aba0f87711,"Portalegre","Argélia","Vila Real","Travessa de Pereira, 45","3",0083-030
cf979c46-8bf2-40a3-aafc-70a893316fa1,"Tarouca","Guiné","Olhão","R. Cardoso, 909","74",3438-056
297695b2-3170-4550-b5b5-65b120eaf83f,"Amadora","França","Penafiel","Avenida das Naus, 4","S/N",7505-259
e8b995f0-5fe3-4f30-97d2-7db8ac7d2286,"Silves","Porto Rico","Lagos","Rua Carvalho, 9","197",5126-596
0e78408d-e22b-4fe5-878c-d5c7731a27bf,"Vale de Cambra","Ilhas Caimão","Elvas","Largo de Domingues, 41","44",0604-163
44fe568f-281a-4010-b34a-c899115c2e35,"Torres Vedras","Jordânia","Barreiro","Avenida de Baptista, S/N","6",1595-724
145c63a2-e05a-44e6-81d7-9e6db44d1f3f,"Vila Nova de Santo André","Áustria","Vila Real","Largo Moura, S/N","25",3062-577
095d2f8f-02ca-404e-90b4-9feb795c3e09,"Sines","Polinésia Francesa","Tavira","Largo Faria, 852","41",7929-762
ccd93ec0-3215-491c-9ccb-107c5ea901c2,"Paços de Ferreira","Antárctida","Beja","Praça Azevedo, 74","63",0057-127
b47bfb82-0322-4d03-ac25-070f3c556371,"Paços de Ferreira","Argélia","Tarouca","Largo Jaime Nogueira, 89","7",1806-307
2ef2be93-bb57-486b-b529-43ab15608ff7,"Sacavém","Comores","Sabugal","R. Domingues, 511","S/N",6659-707
5e49f652-50cc-4d00-a771-59904df71248,"Guimarães","Togo","Fafe","Praça Isabela Vieira, 33","360",5306-671
ba13f5f3-5332-4b35-aa0b-17c29c1b803b,"Vila do Conde","França","Lagos","Alameda de Pinto, 75","6",9253-320
16616011-9ba4-4ca7-bbd1-dc364e7bb175,"Alcácer do Sal","Vaticano","Cantanhede","Travessa de Torres, 1","32",1840-425
5fc8b7ba-c0cc-4d1a-a1e7-cdcedd14c7a3,"Ermesinde","Jersey","Braga","Praça Jaime Barbosa, 19","77",0600-181
a1732e0f-2200-4af5-8c8d-010cc72a1959,"Silves","Micronésia","Gondomar","Alameda Nair Barbosa, 20","28",3057-650
5499aa72-e55f-425d-a858-9fed07b0ad09,"Santa Maria da Feira","Bélgica","Póvoa de Varzim","Rua do Bom Sucesso, 8","20",8013-971
771c7fc5-3aa7-4015-a55c-67a357323b67,"Lisboa","Antárctida","Ermesinde","Praça Abreu, 38","157",6633-312
2bddbba2-2346-4beb-9fb5-1ad77d9ee3c3,"Funchal","Finlândia","Mirandela","R. Figueiredo, 96","20",8665-485
70af5d90-28b9-403b-af10-1f5ceddca8dd,"Vendas Novas","Sudão","Vila Nova de Famalicão","Praça de Antunes, 96","42",2065-936
f94471af-85a2-4cdc-aaab-fd719561ee06,"Rio Maior","Ilha Norfolk","Póvoa de Santa Iria","Travessa Castro, 60","21",4975-626
b3cfb6a1-7ee1-49d1-b02b-1cd03c6801d1,"Póvoa de Varzim","Chade","Albufeira","Av Rodrigues, 4","2",8532-489
0ceea53c-abe9-4830-b51d-b1c649b1f732,"Vila Franca de Xira","Somália","Guimarães","Rua Vaz, 969","72",7846-599
cb0910da-54ae-4b9a-a1a3-8ef2b0251b6e,"Vila do Conde","Mali","Ponte de Sor","Travessa de Garcia, 184","35",3982-581
d2a34a2e-7380-41dc-b8db-1f9766f7b98d,"Entroncamento","Nova Caledónia","Bragança","Av de Marques Marinho, 7","66",4104-032
4fdca360-0276-49d7-8a8b-9cefabb9bb46,"Espinho","Reino Unido","Valongo","Avenida Ribeiro, 15","2",8105-039
85568d56-1595-418f-9544-ffcd9143eb55,"Lamego","Bangladeche","Rio Tinto","Praça Leite, 40","650",1903-537
b723fef9-7000-4796-aae5-d505dcbea5d1,"Castelo Branco","Mali","Amarante","Travessa Padre Álvaro Proença, 56","74",2017-307
cca5a165-b33e-49cd-a15f-6de0c0cd799e,"Santana","Faroé","Santana","Avenida da Quinta de Santo António, S/N","43",2446-148
3eedfb2d-21e5-4361-816c-2ba5181605ab,"Torres Vedras","Macedónia do Norte","Lagos","Travessa Rúben Pinho, 1","46",4692-915
ddf34e15-0bde-4e6b-8aa7-4fe756655a83,"Marco de Canaveses","Butão","Odivelas","Praça Mara Neto, 99","S/N",8595-021
51dfe5a4-686f-4027-8087-d8220174b0e8,"Chaves","Nova Zelândia","Santa Comba Dão","Alameda da Pedreira, 1","9",1553-967
c5d9c3a3-466c-4cdd-b5f0-a93c44a55eeb,"Esposende","Albânia","Almeirim","Largo de Ribeiro, 68","15",3214-402
755b407e-3f80-413d-b518-4702a470fb5c,"Espinho","Territórios Austrais Franceses","Torres Novas","Rua Coelho, 21","17",2864-352
42a771be-e77e-4417-9e4c-48a1abbc44bc,"Faro","Serra Leoa","Rio Tinto","Largo de Vandoma, S/N","283",7375-322
b9c0e8b2-14c7-4b62-8643-0b4b998e23d3,"Freamunde","Dhekelia","Olhão","Travessa Vítor Correia, 66","34",3790-419
90e0197a-88d8-45ea-af3e-732d74d3704e,"Ílhavo","Papua-Nova Guiné","Santa Comba Dão","Travessa de Rodrigues, 4","45",6123-122
3ab92224-710c-4e5d-912e-e61d3034b398,"Mangualde","Coreia do Sul","Macedo de Cavaleiros","Travessa das Escadas do Monte dos Judeus, 79","7",6467-385
c97b8dbc-8f94-4a62-91a7-45cddd3abf8c,"Oliveira de Azeméis","Monserrate","Sintra","Praça Mateus Nunes, S/N","41",6454-199
6c55f084-789f-4f34-b4ab-b265b9f27efe,"Albufeira","Salvador","Macedo de Cavaleiros","R. Lourenço, 69","40",7062-090
7f987ee0-5c29-45a9-956a-600012cae539,"Amora","Países Baixos","Moura","Alameda Alexandra Araújo, 27","S/N",1594-873
1c00a9ae-4348-4dec-80e8-a8f83fbfca13,"Mangualde","Etiópia","Fiães","Praça Machado, 6","643",4239-517
73bd7f3e-6bd6-426a-8196-01d7124777d2,"Vila Real","Afeganistão","Ermesinde","Praça Tomás Nogueira, 55","20",5850-481
7033fc08-035b-4735-98b2-40beb7dedfe1,"Gafanha da Nazaré","Estónia","Lagos","Travessa de Palma de Cima, 408","34",1581-316
bed985c7-7313-4165-bbd7-212c72ab8c32,"Cantanhede","Monserrate","Loulé","Largo da Universidade, 182","39",2216-775
564940d5-ea24-4c42-a103-4b21e20db1cd,"Rio Tinto","Arctic Ocean","Guimarães","Avenida Renata Domingues, 63","1",5692-948
e6df65a2-35d7-4d5b-8c20-37db7e87626d,"Gandra","Belize","Faro","Av Cardoso, 87","41",2082-017
41474d35-d319-43ab-ae0a-cb4757f09518,"Loures","Taiwan","Lourosa","R. Lourenço Assunção, 7","S/N",6196-306
2540888a-ab03-49fa-b83f-dcce8eaf9020,"São João da Madeira","China","Seia","Alameda de Moura, 86","S/N",7210-813
4a344d89-2d6c-4d7e-b2f5-3cfc42734f1f,"Tondela","Mundo","Funchal","R. de Cunha, 962","257",3591-453
df07150e-afd5-4f3e-8d0c-28bfed98f01f,"São João da Madeira","União Europeia","Gafanha da Nazaré","Avenida da Alfândega, 72","934",8143-318
22bcf337-140e-4675-bf96-e4428894912d,"Ovar","Jibuti","Paredes","Travessa Irina Ramos, 88","1",1440-872
df2d1ee7-bd8b-4f1c-9a5b-eb7f4ec9acfb,"Montijo","Egipto","Fundão","Travessa Melo, 71","1",0033-884
2fd69ee0-0321-4e48-8443-6285cfaac1b3,"Angra do Heroísmo","Uganda","Miranda do Douro","Av Clara Araújo, 94","399",4562-742
ff6b99d3-5866-44c5-9554-da5b9dea587e,"Barreiro","Botsuana","Póvoa de Varzim","R. de Freitas, 65","43",7531-051
15b0ce09-167b-45fa-899a-2740fd477e87,"Anadia","Man, Isle of","Póvoa de Varzim","Rua de Simões, 82","S/N",7508-012
7349ccd9-a901-43d4-b378-189372cb609b,"Ourém","São Pedro e Miquelon","Peniche","Av do Sequeiro, 38","86",7234-415
0059735f-13c4-4185-8cde-13d8ece17a14,"Albufeira","Arménia","Vila Nova de Santo André","Av Fábio Amaral, 6","14",7082-524
cc496103-7e4a-4e7f-b231-d2f21b9109e0,"Vale de Cambra","Monserrate","Lourosa","R. Noah Torres, 9","73",7493-164
8b153345-bcc6-4ebd-807b-e7f8c1d496a8,"Viseu","Jibuti","Amora","Travessa Flor da Rosa, 90","8",8844-392
9fd3621a-0558-4758-9d5f-ada9583b2a5b,"Câmara de Lobos","Bósnia e Herzegovina","Vila Nova de Famalicão","R. Violeta Carvalho, 5","66",9617-748
80cb779b-9c3e-4e35-bff0-e808d42d8153,"Montijo","Samoa","Vila Nova de Gaia","Rua Henriques, 36","5",3152-713
8b979a09-d24a-487b-9277-d3614a9934b6,"Serpa","Zimbabué","Paços de Ferreira","Avenida Torres, 2","84",5319-727
d3cddfa9-d616-4577-9dab-a120a9242ef4,"Braga","Emiratos Árabes Unidos","Loures","Rua Henrique Neto, 71","2",1186-702
c37436f9-17c1-41e9-969c-c889234006f9,"Vila do Conde","Irlanda","Faro","Rua Íris Oliveira, 5","363",7060-910
8f25dd90-1cfb-42f3-a8c9-01f3d1810712,"Fiães","São Pedro e Miquelon","Covilhã","Av de Costa, 1","69",9500-015
3748ee9c-bd64-4dbf-8088-9bd2c898459c,"Gandra","Quiribáti","Santarém","Av Guerreiro, 79","63",2481-369
6c86e49a-dfbe-4fab-b3f8-f9c6b22ed181,"Barreiro","Ilhas Virgens Americanas","Estarreja","Alameda de D. Pedro Pitões, 80","6",7415-220
0e2ca98b-c227-493e-bd72-7b8897dc26ba,"Vila Real","Svalbard e Jan Mayen","Valbom","Rua Loureiro, 78","S/N",9006-119
ce64ee5d-8be7-4c9a-923c-184be49bd344,"Agualva-Cacém","Noruega","Vila Franca de Xira","Travessa de Fernandes, 72","3",6102-715
3543df1d-c4c4-4897-bb55-fd35517f5769,"Horta","West Bank","Estarreja","R. Coronel Vítor Alves, 693","S/N",2007-293
7f2e66b9-7eaf-48d7-b57b-0cf7c4a6dc23,"Entroncamento","Filipinas","Seia","R. Silva, 481","655",1357-335
87e55bdf-a613-4bd6-9e1f-ce01b16a13d7,"Vizela","Montenegro","Funchal","R. Samuel Barros, 14","S/N",9897-772
6680d238-63c6-4eda-9997-89cfba9fadaf,"Torres Novas","Tuvalu","Olhão","R. Gaspar, 4","4",4744-442
c063553c-f285-4471-85d4-4994398a55f0,"Póvoa de Varzim","Ilhas Caimão","Chaves","Av Alves, 67","12",7585-561
d48eadcc-059a-4df1-b7ec-fc55d3eb17f0,"Funchal","Malta","Silves","Largo Vaz, 37","915",8755-490
4f356e60-e261-46db-b5ce-2bde06267e24,"Aveiro","China","Beja","Avenida do Pimenta, 5","S/N",6168-872
ff2c2d07-ce46-4b38-9a18-eeabfc8564e5,"Santana","Guiné Equatorial","Marinha Grande","Alameda Jaime Branco, S/N","S/N",8666-554
087679a3-0fa0-4578-a36a-025d89fb1b60,"Loulé","Timor Leste","Aveiro","Praça Ariana Moura, 5","324",7380-544
4eef5aea-4d53-4da5-8061-ce58e3bc7060,"Coimbra","Austrália","Elvas","R. de Campos, 49","17",9976-814
f7d736c0-5384-42ea-bdde-95f1db48f8b9,"Gouveia","Marrocos","Bragança","Largo de Torres, S/N","98",7950-088
2f2f10bc-6679-4a6c-b668-24defbad9903,"Braga","Mali","São Mamede de Infesta","Av Carvalho, 66","44",5948-318
3bae12d1-6fcc-4e8e-aa60-da8d120f6205,"Estarreja","Antilhas Neerlandesas","Santarém","Travessa Sá, S/N","56",7833-141
cab67f51-2df9-493f-89c8-e596dc032063,"Loures","Nigéria","Castelo Branco","Alameda Nair Pereira, 93","8",4487-687
4badaa8f-68da-49b3-9497-b15fd7c3b0c3,"Bragança","Birmânia","Alverca do Ribatejo","R. Carolina Mendes, S/N","81",6415-129
e78d6c50-36fa-4b4c-9e62-883bf4084762,"Agualva-Cacém","Haiti","Olhão","Travessa Padre Álvaro Proença, 79","68",3996-243
97867935-5ae4-408a-9d17-30242af2402b,"Faro","Jibuti","Albufeira","Praça de Pinho, 35","54",5481-093
8289e542-8f5c-42ba-8883-8c91b8f2d628,"Fafe","Dinamarca","Portimão","Praça de Abreu, 78","162",1445-352
0bd06cf6-480e-40bc-a4bd-e1ce6ff7a439,"Setúbal","Territórios Austrais Franceses","Trofa","Largo do Parque, 1","S/N",3386-223
edceb14b-e9a5-4712-ac35-65fd4fc197de,"Sines","Irlanda","Vizela","Praça Santiago Loureiro, 10","92",5029-888
3f911760-6833-47d3-8d06-57c03204aa77,"Braga","Niue","Covilhã","Alameda Samuel Castro, 60","6",6642-679
0c9238eb-b4ef-4123-80ab-3a1ada2e3124,"Anadia","Ucrânia","Entroncamento","Alameda de Antunes, 23","7",4007-734
f8e2f428-abd4-4750-871d-2fed983df2a9,"Montemor-o-Novo","Suécia","Espinho","Rua do Outeiro, 645","S/N",0501-721
28e23157-7d04-4e33-8372-bbc72cea8ef6,"Cartaxo","Listenstaine","Braga","R. das Congostas, 8","529",3598-914
5e17a87c-2dc8-4d21-89af-e0720b4dcd59,"Praia da Vitória","Sudão","Santa Comba Dão","Alameda de Moura, 9","83",0937-460
fbc5edad-c320-47b0-927a-506432f80018,"Fundão","Nicarágua","Évora","Alameda das Pirogas, S/N","5",6361-030
7413a5bc-233a-479f-b3fa-c8861016d803,"Agualva-Cacém","Noruega","Vila Nova de Famalicão","Largo Daniela Moreira, 2","296",3089-352
f08dfdcb-8bb5-4612-a0c3-f1f7454c1a5b,"Barreiro","Zâmbia","Setúbal","Largo de Neves, 71","614",0982-613
c87b0786-fc99-4444-9d26-57c3b70f3426,"Marinha Grande","Angola","Lourosa","R. de José Régio, 21","S/N",1270-109
794d97d9-ae01-4fbe-a0c6-0cae583bf02a,"Alcácer do Sal","Chipre","Macedo de Cavaleiros","Praça Nelson Faria, 7","367",1890-460
7305da89-f567-401d-ba8d-a4d1f86e72d5,"Silves","Argentina","Coimbra","Largo do Marechal Gomes da Costa, 35","57",6911-530
e983b3fa-c066-4f8b-a8d1-c5171da417a8,"Gafanha da Nazaré","Mayotte","Rebordosa","Av das Verdades, S/N","845",9647-273
fe0659b8-1c7b-473e-9c8d-f954d50cdc8c,"Esmoriz","Letónia","Felgueiras","Largo Samuel Sá, 1","93",0768-985
1c085524-7af2-4b98-b86f-62d40f41e572,"Faro","Antígua e Barbuda","Serpa","Praça Salomé Pereira, 5","S/N",7105-561
1353fd62-f713-420d-b64a-3ba9d01d1b26,"Oliveira de Azeméis","Bulgária","Lagoa","Praça das Chagas, 580","73",8770-996
30469d91-5b05-4bd5-88f1-8bcd567ef7d5,"Santa Cruz","Maurícia","Porto","Largo Lia Esteves, S/N","7",4870-870
8a6159d7-870f-466a-8824-4fb739426143,"Braga","Burúndi","Santarém","R. Macedo, S/N","380",4543-335
8a49ce96-44b3-4be2-9e77-95d3edbd67b3,"São João da Madeira","Finlândia","Quarteira","Alameda Leite, S/N","36",0055-822
f55674f2-d2a1-4a32-8e2a-399e1bf9f970,"Pinhel","Navassa Island","Agualva-Cacém","Praça Simões, 23","S/N",5137-571
04b0991d-f6f8-4c7a-98f2-9b6d3eefca72,"Rio Maior","Catar","Amarante","Largo Borges, 41","45",0783-229
7de955e1-cc85-431b-bab3-fe64d42150f1,"Oliveira do Hospital","Palau","Vila do Conde","Av Sá, 75","63",3950-827
d6f9115a-667a-433e-b050-4082cac907a6,"Esposende","Andorra","Esmoriz","Alameda Filipe Amaral, 95","S/N",1776-530
55e76801-4a8a-4296-9c6b-c7507c557933,"Santana","Territórios Austrais Franceses","Freamunde","Praça Português, S/N","48",3838-749
4eaeb174-6243-477e-90f9-a1899b8b49f7,"Sintra","West Bank","Trofa","Avenida de Pio XII, 2","248",1659-253
1fe01cd2-22a6-4282-ab14-d09a8121a6c9,"Odivelas","Cuba","Vila Franca de Xira","Av David Machado, 97","5",6511-591
c4139e38-ec63-45fc-aa6e-3fbb72d24f9f,"Loulé","Paquistão","Abrantes","Travessa do Penalva, 90","97",5243-948
67a538d0-e1ec-48cc-99dc-36ef4efda4b9,"Valpaços","Butão","Marco de Canaveses","R. Álvaro Ribeiro, 91","4",5050-661
0167d50f-d215-4430-a20b-22a34e374747,"Peniche","Sudão","Bragança","Alameda Ricardo Gonçalves, 63","S/N",4209-322
f6ece25a-1de0-48b2-874b-d9d4fa82e663,"Póvoa de Santa Iria","Chile","Caniço","R. de Carvalho, 781","41",2669-253
f27aa59c-7ab5-4a9e-9f2e-987b965c88d8,"Maia","Colômbia","Santarém","Rua de Anjos, 61","S/N",4983-488
76d9e4ba-9345-4eef-ad52-bc5c685b961a,"Fundão","Camarões","Santa Maria da Feira","Av Jaime Cunha, S/N","260",1912-938
f42cecab-943e-4ee4-ad35-7a21f75003f9,"Portalegre","Congo-Kinshasa","Chaves","Travessa de D. Afonso Henriques, 13","3",7794-318
572d61e1-6e49-466a-9215-0c369fecf807,"Paredes","Finlândia","Bragança","R. da Rua Duque de Palmela, S/N","9",5034-599
f760f167-32ab-4023-9525-f52b004a1ace,"Reguengos de Monsaraz","Antígua e Barbuda","Pombal","Alameda de Borges, 56","S/N",4757-348
5b464e1b-80e6-458f-be69-147b461b7bd7,"Beja","Malávi","Elvas","Avenida Faria, S/N","52",5583-673
898c7a53-75fb-4d9f-9b5d-3fa330546049,"Santa Comba Dão","Palau","Funchal","Travessa Ângela Pinheiro, S/N","15",7707-968
23d755c1-fdda-4939-8689-a47221efd012,"Sabugal","Portugal","Santo Tirso","Travessa do Monte de S. João, 88","S/N",1252-097
777c845d-ab78-4cc7-87fa-775eb525c724,"Olhão","Zimbabué","Santa Comba Dão","Av Henriques, 34","67",0637-569
cf42c99f-7ff5-434a-a1e2-f3689e085864,"Coimbra","Nigéria","São Salvador de Lordelo","Travessa Mara Moreira, 25","72",7195-108
9a83c3b3-d7ac-46e1-92cf-377fca206f11,"Serpa","Fiji","Vila Nova de Gaia","Av Nair Batista, 71","5",3901-395
4c529b31-a172-4091-8d15-bbb08c9cb9f0,"Lagos","Jersey","Viseu","Rua Matias, S/N","S/N",5681-282
4c9eeaa7-6f01-4c6f-a1f3-429bdd6ada51,"Oliveira de Azeméis","Svalbard e Jan Mayen","Ermesinde","R. Iara Loureiro, S/N","8",3886-083
328fdb32-5ea7-40be-bd60-319108d5f423,"Fátima","Tunísia","Vila Real de Santo António","Travessa da Alfândega, S/N","152",1589-929
3c571814-cabb-4bef-aba8-94089544dad6,"Moura","França","Portalegre","Travessa Samuel Henriques, 63","792",5416-059
8c40883b-3eda-4113-b6c3-88b30c275fb7,"Guarda","República Checa","Barreiro","R. Gaspar, 20","93",1166-574
b38f14ec-a53f-4c9f-b019-956780a62165,"Mealhada","Haiti","Queluz","Largo de Alves, 4","34",9755-033
dc42de7c-d4ef-4183-bf2a-9d63821cb4f1,"Chaves","Egipto","Vila do Conde","Alameda do Sextante, 5","56",0209-066
22ad4e35-c2df-4bce-b471-b9fe1242d61f,"Aveiro","Barbados","Oliveira do Hospital","Travessa Jorge Luis Borges, 4","83",4760-245
4c06e000-ff66-498b-b444-08d6c6ee1318,"Santiago do Cacém","Eritreia","Funchal","Largo de Leite, 65","S/N",9363-785
034ba78e-f8fb-4bda-8088-e6d15f4195d3,"Mêda","Anguila","Caldas da Rainha","R. de Sousa, 15","S/N",1372-422
400c57bb-948e-4993-ab5a-d45dc983f8db,"Amarante","Quiribáti","Cartaxo","Avenida Clara Rodrigues, 580","848",4266-937
0e05e665-e765-4d6d-811d-a74d103865f5,"Oliveira do Hospital","México","Estremoz","Alameda Pires, 984","25",3452-277
cd2bf08c-b15f-4212-8dd6-492d03684337,"Braga","Svalbard e Jan Mayen","Rebordosa","Avenida de Abreu, 85","7",8657-591
16d4f1b9-c868-45c8-b6e4-c061189efa1a,"Gondomar","Guiné Equatorial","Coimbra","Avenida Cristiano Garcia, 38","4",0673-382
9e45547a-dcb2-4ed5-8e6d-db65e9d2eb87,"Santa Cruz","Atlantic Ocean","Torres Vedras","Avenida de Ribeiro, 791","25",6117-791
b367a297-8bc5-4bac-8970-a42d3fcd0f4d,"Valpaços","Jan Mayen","Elvas","Praça Luana Miranda, 97","74",6216-640
f29b5315-fc6c-4507-b109-470c54e94d2a,"Tomar","Ilhas Virgens Britânicas","Vila do Conde","R. Gaspar, 240","40",3788-530
5b6fd69c-b2b2-4053-adcd-5341e5c1e221,"Lixa","Atlantic Ocean","Miranda do Douro","Praça Anjos, 49","57",8983-420
b4a9c351-b521-4921-adde-9c8780fa7a7c,"Setúbal","Benim","Oliveira do Bairro","Praça de Ramos, 65","S/N",5558-593
e13cc4b7-d85c-42fb-8b39-07e939475f12,"São Salvador de Lordelo","Mónaco","Ponte de Sor","Rua de Aquilino Ribeiro, 386","48",9256-111
907f9ee3-38c6-4c91-9468-2ab9544d4c83,"Oliveira do Bairro","Albânia","Caldas da Rainha","R. Bianca Santos, S/N","930",4019-430
d71e1545-a66e-44f9-854e-27097304e624,"Albufeira","Bermudas","Póvoa de Santa Iria","Alameda Nogueira, 76","9",9579-767
44188997-5a16-49d3-adfd-b9f433109f87,"Aveiro","Porto Rico","Alcobaça","Rua das Ondas, 96","S/N",7379-803
e4e1f6c9-1653-45ec-b792-8050a7ed615c,"Fafe","Wake Island","Espinho","Praça Neves, 386","38",5468-268
745d2d55-0977-47fa-b20f-9368994aafb8,"Guimarães","Líbia","Covilhã","Rua de Vieira, 286","86",3285-191
597ebca5-02e6-4fa2-93ca-363bc859eabf,"Oliveira do Bairro","Mali","Portimão","Av Jéssica Brito, 87","33",1357-705
eebd441b-ee32-4f31-8ed9-645ed65b6e94,"Matosinhos","Spratly Islands","Vila Nova de Santo André","R. de Morais, 6","72",7367-619
90b8ec27-784e-4ae4-a4c4-5caf687d5c36,"Castelo Branco","Áustria","Vila Nova de Gaia","Alameda de Branco, 78","5",4045-022
55fbf04c-0981-40f4-8ebe-41718f485c46,"Porto Santo","Colômbia","Anadia","Alameda de Gaspar, 78","34",3899-610
e366690b-090b-45c9-9098-d6a24ed7863f,"Paredes","Gâmbia","Rebordosa","Av de Assunção, 33","26",2184-038
5a44bbc9-0208-4b31-8ec3-d31f0697ee9d,"Porto","Brunei","Faro","Av Domingues, 66","44",0827-047
bdbf44d0-ac1d-436e-8de0-d3a45d045651,"Angra do Heroísmo","Tanzânia","Covilhã","Alameda de Pinho, 88","290",6557-751
c95dc559-40cc-4093-83fe-bebf177874f2,"Covilhã","Tanzânia","Torres Vedras","Travessa Andrade, 750","79",5134-871
5cbfe20c-496e-485a-9154-bf6b1af3a431,"Almeirim","Polinésia Francesa","Gandra","Rua do Monte da Lapa, 65","S/N",5259-058
01538da9-039c-454a-86a9-40caae0d76d3,"Costa da Caparica","Afeganistão","Santiago do Cacém","Largo Wilson Cunha, 59","856",5407-021
a795c10b-c477-4099-838d-4045feafe370,"Lisboa","Ilhas Caimão","Ponta Delgada","Avenida Jorge Luis Borges, 95","7",8622-032
dc52026e-b849-4b8a-a858-0fb9770aadd5,"Caldas da Rainha","Arábia Saudita","Loulé","Rua de Fernandes, 14","61",3757-219
16490649-1a6a-4377-800b-82165e834125,"Valbom","Antígua e Barbuda","Horta","Largo de Torres, 45","85",3391-966
a2edb582-c8df-45bf-b3a1-9cc0afe42be2,"Sabugal","Índia","Lagoa","Travessa Cuf, 68","78",6846-429
b502af87-c89c-44c0-a0c6-5a57321a284d,"Tarouca","Wallis e Futuna","Santa Maria da Feira","Travessa de Pereira, 20","18",6494-135
c8d73423-c966-4307-888f-2b8e2aca5a08,"Oliveira do Bairro","Tunísia","Setúbal","Rua de Oliveira, 93","87",8410-233
081b9257-800e-4648-b8d9-52cbae20c8ce,"Oliveira do Hospital","Coreia do Norte","Queluz","Praça Clara Gaspar, 34","19",5676-229
a853de13-ff72-4cbd-968a-b07e07e80338,"Viana do Castelo","Laos","Alcobaça","Avenida Hugo Lopes, 45","11",7911-098
bb863885-cd83-48cf-a3f2-7407380f16d5,"Ribeira Grande","Macedónia do Norte","Penafiel","Praça Moreira, 80","483",5242-738
9d49c7b1-73c1-43e8-9046-4aa8b0d14cd0,"Felgueiras","Pacific Ocean","Valpaços","Alameda de Figueiredo, 640","20",8425-780
13dbc452-e823-47cc-baee-d7b02acd69cf,"Lisboa","Jan Mayen","Sintra","Praça Henrique Melo, 53","10",5723-094
052c71d8-ca00-4bf2-89e8-31d23d093e62,"Montijo","Guiana","Ourém","Travessa Pinheiro, 70","95",8159-704
dc303728-da06-4c6b-89f9-61b3ea54377a,"Valbom","Jamaica","Marco de Canaveses","Travessa Fernandes, 36","85",9884-336
d4066dc2-27f8-438d-91d0-0425c49c8582,"Santarém","Papua-Nova Guiné","Mealhada","Praça do Carregal, S/N","83",8027-444
0f029837-4050-4223-8942-964ed11351a0,"Albufeira","Man, Isle of","Amarante","Avenida de Pacheco, 57","1",5726-445
efe3e61b-9cba-424c-ad49-7604d88fb629,"Freamunde","Território Britânico do Oceano Índico","Rebordosa","Alameda Vasco Cardoso, 602","S/N",5745-727
e7efc1d6-8a06-4b6f-83df-25e6afc5d506,"Covilhã","Andorra","Vila Real de Santo António","R. Flor da Rosa, S/N","S/N",6559-249
d758e27d-0bee-4e62-9315-fbc208a0cd44,"Freamunde","México","Bragança","R. Leite, 36","89",2423-855
1caa2dcd-5984-4b2e-b4ea-72e84a12314a,"Seixal","Iémen","Caniço","Rua Torres, 444","81",7830-015
220cb653-cb6c-4ffc-ac20-1fdbff954581,"Barreiro","Tailândia","Maia","Travessa Caetana Carneiro, 7","9",6649-815
664648ab-850a-4ee7-943e-93318eb30ac9,"Albufeira","Antígua e Barbuda","Oliveira de Azeméis","Largo Novo (à Travessa das Águas Boas), 6","63",4449-211
c8281ba8-ce9b-4969-a976-022ef6430177,"Valbom","Montenegro","Matosinhos","Rua Castro, S/N","36",0384-801
3319d802-d4e8-497c-a182-bea563054f2d,"Vila do Conde","Vietname","Torres Novas","R. Arquitecto Carlos Ramos, 98","S/N",8560-224
55453e34-5bbe-4077-b09a-066721d3f0eb,"Vale de Cambra","Moçambique","Vale de Cambra","Largo Marco Moreira, 7","34",5137-981
e44de39f-2f3f-4366-8772-667df7edf712,"Olhão","Aruba","Póvoa de Santa Iria","Alameda Wilson Barros, 84","S/N",5983-002
91a010f5-6432-4631-89cd-e2461bf5d30a,"Oliveira do Hospital","Man, Isle of","Valbom","Avenida Assunção, 61","75",8745-283
015eef96-2670-4e29-938e-e684c7930cee,"Penafiel","União Europeia","Queluz","R. do Campo Alegre, 65","856",3813-878
9838fdfe-4ece-43e8-89a6-77e3988bd879,"Esposende","Cazaquistão","Santo Tirso","Travessa de Marques de Oliveira, 58","S/N",5067-969
57e745eb-2acf-46a6-89bd-ef7c7c39210b,"Olhão","Granada","Ermesinde","Rua da Quinta de São João Baptista, 779","365",8402-045
75c17703-7c0f-45c0-b550-6a2fe731caa4,"Ourém","Moldávia","Lagoa","Avenida de Amorim, 56","7",0465-070
2cf0c21a-7e4c-439e-a4dd-7c9e94a3d0e0,"Entroncamento","Luxemburgo","Funchal","Avenida de Rocha, 35","7",2726-266
d54a1ec7-42f6-4505-a3ef-85e539ccb6f3,"Sabugal","Mundo","Sines","Largo Tavares, 95","334",9888-393
2fb3b744-bc62-489b-861a-46aaac21cb30,"Ponte de Sor","Laos","Póvoa de Santa Iria","Rua Fernando Leite, S/N","53",8982-149
c180c624-d01d-46ab-9537-3871e8afc517,"Tarouca","Israel","Almeirim","R. Sul do Bairro da Encarnação, S/N","S/N",1925-712
3ae7956c-b22c-4b21-8a7d-78f94dded03b,"Vila do Conde","Iémen","Vila Real de Santo António","Praça do Cidral de Baixo, 7","98",7725-993
08a98864-0691-476a-8043-fe225912415e,"Cantanhede","Hungria","Vila Nova de Santo André","Praça das Andrezas, 13","S/N",2313-358
b283e9d5-0c88-4feb-942c-7650700a873f,"Paredes","Malásia","Sacavém","Travessa da Cruz, 9","696",8528-309
c3f276c1-a308-49c1-a300-c0264a9cb521,"Sintra","Pitcairn","Braga","Alameda de Godim, 85","S/N",4515-249
3d64687c-d484-42fd-ac49-dfa95e067456,"Oliveira do Hospital","Estónia","Praia da Vitória","R. de Simões, 43","558",3254-716
efa73059-6855-4232-a7a4-56b4c6ac208b,"Quarteira","Marrocos","Vila Nova de Gaia","Praça Barros, 67","S/N",9452-378
dac97eb9-d8e6-455e-8aab-b353a08152e5,"Penafiel","Salvador","Santa Cruz","Alameda Feia, 36","85",9831-630
695b0ab6-a100-4f17-b473-7ec16f621655,"Matosinhos","Letónia","Loulé","Praça Ribeirinhos, S/N","S/N",4483-697
09e8ee49-e64a-4be4-b0a9-e885948c9d1c,"Albufeira","Ilhas Turcas e Caicos","Peso da Régua","Alameda Nelson Nunes, 17","S/N",6985-621
ec8a819f-d887-4744-a1f7-8ce9f9fcd191,"Santa Cruz","Ilha do Natal","Fiães","Av Melo, 52","597",2959-646
1866d66b-bcef-4cd9-9130-efe90ebc73bb,"Oliveira do Bairro","Angola","Lisboa","Rua Bryan Correia, 11","178",4803-431
6adec619-15d0-4099-ad1f-6331f3e871a0,"Horta","Pitcairn","Esposende","Alameda Leandro Domingues, 58","S/N",3949-500
72c85b80-7e96-45ca-b033-769663bfe076,"Sacavém","Mónaco","Pinhel","Alameda de Lopes, S/N","27",3515-679
be85f246-e083-4403-b881-36e5c6b853c8,"Fafe","Ilhas Salomão","Seixal","Praça Rocha, 15","4",6428-477
54f004bb-ba98-4f40-a873-fc242359153d,"Cantanhede","Zimbabué","Rebordosa","Alameda de Teixeira, 61","25",4312-890
b597de6e-6c7f-437f-b4fe-7ef375000bfd,"Oliveira do Hospital","Nicarágua","Freamunde","Rua Eva Domingues, 17","11",5291-693
31de7b8f-09c2-41b9-b829-d3c545eea2eb,"Barreiro","Botsuana","Queluz","R. Gabriel Barros, 14","907",9260-064
46dc1c75-531c-481a-977c-eb217d9ca6e4,"Loulé","Nigéria","Portalegre","Travessa de Gonçalves, 34","S/N",5857-018
261a8e6f-45fa-4498-8af3-eeb8d21c5aaf,"Serpa","Usbequistão","Trancoso","Travessa Luís Ferreira, 5","5",3534-906
3a01578d-0402-4fb6-91bf-399acb2b672e,"Lagoa","Gronelândia","Castelo Branco","R. Emma Araújo, 89","4",3181-586
8f584dbd-1381-4c1d-9fbd-894fdf1835b6,"Ponte de Sor","Letónia","Barreiro","Avenida Luísa Leal, 389","44",6842-971
3ad9471d-4ae6-4d59-acc2-fda4a44c3ffe,"Ermesinde","Omã","Seia","R. Mia Rodrigues, S/N","59",5854-140
a647ad3b-b9fe-44e9-92fe-a2e47c567a90,"Guarda","Gaza Strip","Macedo de Cavaleiros","Praça de Teixeira, 7","S/N",4995-015
02b38496-8208-468d-bf5b-8206480c53c1,"Rio Tinto","Suécia","Horta","Praça de Ferreira, S/N","5",4789-417
a986ed3c-dab9-4dcc-8916-cc346b8bb378,"Freamunde","Quénia","Vila Nova de Foz Côa","R. Kelly Anjos, 67","5",1837-654
1e32c2b4-cf6b-4047-b295-9ab11616cbcc,"Estremoz","Gibraltar","Valongo","Praça de Dom Fradique, 83","19",5806-353
298d0f5d-1a30-443a-8db4-0a990da7f4ea,"Trancoso","Serra Leoa","Funchal","Av de Anjos, 89","1",5823-114
723a472f-ddda-457b-8f12-0134453dc617,"São João da Madeira","Man, Isle of","Vila Franca de Xira","Avenida Teresa Marques, 72","926",8785-889
fc267465-56aa-49cd-bb31-53fcf2dc322b,"Valbom","Trindade e Tobago","Câmara de Lobos","Largo Mafalda Vicente, 37","8",9781-895
17fbd15c-8c1b-4820-93d1-950e06f6adaf,"Gouveia","Samoa","Gondomar","R. Bárbara Silva, 88","68",2349-513
9e37d2d8-426a-48af-91d6-2da4d6d227de,"Loures","Espanha","Olhão","Largo de Amorim, 8","26",4967-486
a423d151-cf1b-4553-bb82-996aa3590e3f,"Lourosa","Ilhas Caimão","Vale de Cambra","Avenida Renato Ferreira, 75","54",0297-787
5d31724b-68ab-4b96-927e-52622065a6b9,"Estremoz","Territórios Austrais Franceses","Vendas Novas","Av Andrade, 1","95",8371-969
06ea4bd6-4836-4680-8732-5749170366f4,"Ermesinde","Paquistão","Seia","Largo Sara Abreu, 36","2",2652-966
7e0f0198-5dfb-443e-b689-ac89f28c2fac,"Valpaços","Burúndi","Silves","Alameda de Neves, S/N","S/N",2530-949
8c64a90e-b414-4b1d-93b9-a30b9b63634b,"Ponta Delgada","Usbequistão","Póvoa de Santa Iria","Avenida Amorim, 160","S/N",9267-112
d7d94fda-33e3-47e5-9fdb-d55184e6c6c6,"Esposende","Grécia","Horta","Travessa dos Cruzados, 111","S/N",0781-804
362292e1-6141-4043-b3da-be61911a7d55,"Marco de Canaveses","Eslovénia","Espinho","R. Eduardo Torres, 789","57",5121-569
fb11f357-a78a-46e6-9290-9f0f36e56c2a,"Maia","Hong Kong","Maia","Alameda de Santos, 50","343",8763-214
63d4357d-96b0-463d-aaf5-adf0ae243ae6,"Évora","Territórios Austrais Franceses","Viseu","Alameda de Vaz, 62","40",3825-255
30789e82-562c-4525-9eba-744417285fd7,"Lagos","Polónia","Tavira","Alameda Barbosa, 54","S/N",8236-581
2359951c-3155-4a45-806e-248eca3962b2,"Pinhel","Canadá","Macedo de Cavaleiros","Av Central, 63","68",7995-353
4a99bed1-cd68-48c5-997b-d6c7febb0478,"Ovar","Albânia","Mangualde","Praça do Barcal, 3","S/N",5866-247
a5235312-126b-4e0a-bcc0-e6afcda6c66f,"Gafanha da Nazaré","Suécia","Serpa","Travessa dos Ferreiros, 6","S/N",8154-439
91bbd3ba-112e-4e88-be27-1ee05d7a4560,"Guarda","Iémen","Macedo de Cavaleiros","Largo de Pires, 54","4",0374-143
199ee312-d554-4006-aefd-d6babdd67ed0,"Santiago do Cacém","Tonga","Freamunde","Largo do Almirante Gago Coutinho, 16","4",8308-301
f16183fe-6d2b-45f4-97b1-1cbfdc201a7f,"Moura","Suécia","Vila Franca de Xira","Alameda Leal, 94","90",6017-705
dd661709-84c4-42ed-b746-5ea0e58e5875,"Funchal","Zâmbia","Póvoa de Santa Iria","Rua Lorena Macedo, S/N","31",8083-003
55bc4b1d-47d2-468f-a1e3-bc99b2b0fb62,"Santa Comba Dão","Benim","Ribeira Grande","Av de Santa Clara, 920","37",1502-784
366ea743-468b-48c6-8592-1a21182be81d,"Barcelos","Papua-Nova Guiné","Fátima","Alameda do Prof. Ruy Luís Gomes, 320","S/N",7437-169
97a8927a-023e-4259-9474-4dc72c7a435f,"São Salvador de Lordelo","Ilhas Virgens Britânicas","Guimarães","Largo Fonseca, 9","75",7883-453
f2a7ac71-f365-4660-b4fd-f1e7f768413e,"Sines","Somália","Valongo","Travessa Isaac Mota, 50","32",5786-182
c3dc5966-a873-4a93-a0d8-d8d8a33f0054,"Fafe","Namíbia","Rebordosa","R. Ernesto Veiga de Oliveira, 28","714",7625-874
80df9862-53b8-4b3f-b0a2-c53fc0855072,"Ribeira Grande","Gabão","Vila Nova de Gaia","R. Anjos, 84","47",6766-620
4ea0707c-0f90-4c0a-b86f-e48105b0b3f2,"Cantanhede","Chade","Viseu","Alameda de Gomes, 4","405",9274-809
d16b7ecb-6f25-46b5-8c41-776c7fbfe758,"Serpa","Equador","Vizela","Largo Figueiredo, 35","17",4470-712
7681b314-8587-4c2c-a3b5-52379df43823,"Alverca do Ribatejo","Ilhas Turcas e Caicos","Vila Nova de Famalicão","Alameda Tatiana Ferreira, 736","79",5701-620
55e12be8-d56e-46c8-b0cd-4b3269f08f82,"Horta","São Tomé e Príncipe","Ribeira Grande","Rua Cruz, 104","82",4009-416
f2c5d8a9-7847-4f57-ac03-2715bfc2ca9b,"Odivelas","São Vicente e Granadinas","Albufeira","Av Brito, 21","66",7439-368
fc25538c-f463-43e4-a0a2-bcd2a3cc50dd,"Peniche","Listenstaine","Angra do Heroísmo","Av Fábio Nogueira, 21","4",6781-182
06dfb949-6b39-47b1-9540-2bcbc0ca71cc,"Elvas","Líbano","Paços de Ferreira","Alameda Teixeira, S/N","841",6890-080
6957508e-ccb6-4c95-a954-6a2c73099d5e,"Peniche","São Cristóvão e Neves","Tavira","Largo Manuel Baptista, 452","S/N",7825-264
7c7d5285-17d0-408e-8abb-b5b47d75ac5c,"Évora","São Tomé e Príncipe","Porto Santo","Av Fonseca, S/N","3",4552-988
f0a7c805-5aa3-417b-b03e-e0bdafb247a1,"Penafiel","Coreia do Norte","Vila Nova de Foz Côa","Alameda Rodrigo Mota, 89","S/N",6457-914
1acc6ad2-bdde-434d-993d-b90eebf5d7da,"Pombal","Timor Leste","Almada","Praça Jaime Borges, 33","47",7033-607
51e85fe9-d97f-4eb0-bf06-0fd0a590ba13,"Aveiro","Nicarágua","Lamego","Alameda Ramos, 67","36",0574-128
6364a881-512a-48cc-a16d-01f6d7cbf492,"Santo Tirso","Haiti","Ermesinde","Avenida Leal, 364","65",3054-310
06fd4a1e-8d07-462b-ac59-ca1f087e8def,"Praia da Vitória","Tonga","Sabugal","Avenida Moreira, 7","140",9954-845
4cc62d90-2923-4dfd-aae6-98fe709f7a0a,"Espinho","Seicheles","Penafiel","Alameda de Vaz, S/N","2",7116-260
8a6a7e99-84eb-41a5-a402-9f6b5eb60e78,"Ponte de Sor","Taiwan","Ponta Delgada","Praça Afonso Campos, 41","99",6954-907
cf88d3c9-3ab9-4ed7-ac2c-2950cffd03db,"Viseu","Roménia","Rebordosa","Avenida Moreira, 2","13",8783-805
d46c615e-f15d-4b99-8dd8-31c552766829,"Penafiel","Faroé","Penafiel","Praça Carlos Batista, 70","84",8020-620
1ebc7686-8406-4373-b053-9784a4e2cfee,"Tomar","Jersey","Queluz","Rua Henrique Vicente, 24","62",6227-830
f937a9be-95c9-4d23-8f53-9245466bd2f6,"Mealhada","Coreia do Norte","Bragança","Avenida Lucas Cardoso, 45","95",3740-149
cb28f1f2-4321-4502-97b6-903633dda6cc,"Valbom","Clipperton Island","Esmoriz","R. Alfredo Keil, 213","526",9598-634
68d51258-99e2-451f-a28d-cf4d121497bb,"Peniche","Uruguai","Ponte de Sor","R. Morais, S/N","15",0047-056
59a5bd86-c130-40d6-b5dc-64dc88b42f8a,"Pombal","Niue","Câmara de Lobos","Travessa Miranda, 45","63",5847-720
9a5e6c7d-1899-4c86-b5ef-2ee0bd46596a,"Sintra","Eslováquia","Santa Cruz","Travessa Henriques, 26","387",2769-498
01df605f-d8f7-44e0-87bc-62ad0160a5bc,"Alcobaça","Tokelau","Gouveia","Alameda da Associação Empresarial de Portugal, 20","S/N",1334-144
637e3761-7e2e-4ecc-b9f1-dd4ce0791110,"Vila Real","Ashmore and Cartier Islands","Bragança","Av Ivan Tavares, 25","192",4632-891
ee15f62e-01c3-41f4-ae07-741b1819f1a9,"Costa da Caparica","Atlantic Ocean","Portalegre","Avenida Núria Gaspar, 7","36",9906-151
35db5d89-addd-4c84-9161-0a412ad0aef6,"Oliveira do Hospital","Macedónia do Norte","Lamego","Rua Lopes, 45","9",3973-031
5edcf7c9-6aea-426a-b20f-4a38235f7412,"Guimarães","Noruega","Gafanha da Nazaré","Praça de Mendes, 886","S/N",0933-996
6ce34707-21e3-4d0b-a125-a08514f70d4b,"Reguengos de Monsaraz","Tonga","Gandra","Rua Leite, 73","693",4274-367
7fb4362c-7451-447c-848d-be31425c6f8f,"Matosinhos","Bulgária","Aveiro","Largo Laura Gomes, 915","82",6665-642
629e7117-c5a4-4869-af88-6673427d83b5,"Santa Comba Dão","Portugal","Lagos","R. Ferreira, 550","S/N",2068-774
a9b120cc-276c-4a40-9365-f42969ed22e1,"Vila Nova de Gaia","Croácia","Vendas Novas","Alameda de Fontes Pereira de Melo, 9","25",8007-505
82bccf8d-06d4-405e-9283-67ae5643d444,"Valbom","Suécia","Viseu","Alameda Gomes, 6","82",2967-942
e18fc61a-baf3-4389-b529-6829ec2733bc,"Vila Nova de Gaia","Bangladeche","Seia","Largo Lucas Oliveira, 841","S/N",5209-793
c60b19d6-af44-4eb9-8362-0335b3bbd56a,"Ovar","Israel","Bragança","Avenida Lia Mota, 28","741",8915-427
432a29f1-5c5d-41b3-b28e-29372379ffc3,"Mealhada","Samoa","Paredes","Travessa do Outeiro, 69","S/N",5391-309
5ae6d87b-acf3-4933-9253-aa30510f8a9a,"Faro","Cazaquistão","São Salvador de Lordelo","Avenida das Garças, 40","48",7022-249
cc2e55ce-5383-4eef-b194-9570c3e8818f,"Santana","Brunei","Póvoa de Varzim","Av Assunção, 904","50",6929-672
741f31c8-9f51-401e-b846-b1389ea9b697,"Paços de Ferreira","Butão","Vila Nova de Foz Côa","R. Wilson Correia, 20","95",1255-490
58041ceb-02fd-4bc9-b7a2-258d1011fa89,"Ponte de Sor","Alemanha","Odivelas","Travessa Joana Amorim, S/N","88",5510-610
f9280a19-331b-4f99-a00f-c8c6086177c3,"Espinho","França","Trofa","Praça de Assunção, 72","73",7279-281
851fbc8f-3ae8-481c-916c-005a73909c98,"Horta","Moldávia","Fundão","R. Carvalho, 80","6",6945-844
a1412cbd-37c6-4232-9386-b47bdd65ba55,"Sabugal","Guiné-Bissau","Agualva-Cacém","Praça de Grijó, S/N","30",2608-856
dddb5a47-6116-4b9c-b2bd-353f2cebfa0a,"Mealhada","Bolívia","Lagos","Largo Carminho Ferreira, 9","2",8278-885
599a1225-9433-41d4-9ad3-6af41bb076cf,"Tavira","África do Sul","Santarém","Av Alice Cruz, 566","2",3592-606
bc3148b3-016f-4991-b084-2200ebc55157,"Almeirim","Indian Ocean","Alverca do Ribatejo","Alameda Sebastião Moreira, 34","S/N",8307-518
4bb341cf-9e25-414c-9413-4be294bf0186,"Fafe","Iraque","Montijo","Praça de Araújo, 45","S/N",0337-075
697aca28-6679-4a1c-a6e2-ddec9a541438,"Santiago do Cacém","Ilha Bouvet","Vila Nova de Santo André","Avenida dos Aliados, 9","77",7134-959
098789e6-cc46-4620-87b3-ed114b9196e6,"Ílhavo","Guame","Serpa","R. Ana Neves, 70","81",3305-831
6fb9b40b-f3ef-474f-8675-65c3b6595241,"Tavira","Sudão","Espinho","Avenida de Henriques, 28","13",9021-823
f367cbcd-f3a6-43ff-ba7d-6c04e8891754,"Viseu","Moldávia","Tarouca","Rua Correia, 7","S/N",8372-912
a53b7e16-14ef-4241-9b71-816584b5d78c,"Gandra","Gaza Strip","Gondomar","Alameda de Sobre-o-Douro, 1","S/N",2030-859
50e8f8c6-5498-48bc-be84-d20669d53d3f,"São Mamede de Infesta","Anguila","Marco de Canaveses","Travessa Miriam Abreu, 16","2",1553-413
e674fade-49c6-4a2f-a095-5b8d52296ad3,"Fafe","Chade","Macedo de Cavaleiros","Praça dos Aliados, 90","11",9915-287
1b748f61-ce10-4d00-88f7-3ad60688f576,"Lagoa","Tokelau","Lisboa","Alameda Vera Valente, 611","5",5348-818
8ed708ef-e92b-4213-a921-c7f63b8e515b,"Elvas","Finlândia","Ribeira Grande","Largo Fernando Soares, 69","781",0898-160
02131e15-9f62-4d9e-98dc-a2a550e7dd4c,"Albufeira","Madagáscar","Vila Nova de Famalicão","Travessa Adriana Borges, 335","78",5933-261
284fb406-879f-49e5-a219-9d2558795f8d,"Santa Maria da Feira","Moçambique","Coimbra","Alameda Brito, 2","75",8374-298
2c96ccdc-5cd4-4791-8ec9-92ef345d41a4,"Figueira da Foz","Gâmbia","Santiago do Cacém","Alameda do Codeçal, 9","25",4893-956
5969c2d6-84a5-4f68-9389-d2ee87c54b12,"Póvoa de Varzim","São Pedro e Miquelon","Setúbal","Largo Simões, 382","9",3392-712
da68689e-36d0-439b-9eea-78398aa3d072,"Mirandela","Jordânia","Serpa","Av Coelho, 74","874",1820-154
64794243-a2f1-44a6-979b-d7b4f0d2d22f,"Espinho","Vietname","Mêda","Rua Inês Santos, S/N","S/N",1172-801