wifi_spot_id,wifi_spot_name,wifi_spot_description,wifi_spot_latitude,wifi_spot_longitude,wifi_spot_create_date_time
393f0499-ea8f-42ab-8fa6-e16637586f95,"Reis S.A.","Veritatis officia dolores vero harum beatae. Error quas quis saepe reiciendis in illum molestias.",-38.754015,-16.340371,2024-12-22 13:30:22
dbd6f776-22a8-4cc3-8a5c-ada327fa0230,"Tavares Cunha S.A.","Nostrum dolor tempora voluptatem cumque. Quasi numquam commodi voluptas tempore.",49.2634335,3.287602,2022-03-04 11:23:13
b7860f16-40c5-4218-904f-3226489e7a7d,"Miranda Carneiro Lda.","Similique dolore nihil delectus reprehenderit optio. Consequatur fugiat facere numquam ab modi.",-58.8712825,-144.069319,2024-05-10 20:15:32
baa45946-18db-4acf-897c-8d402d35aed1,"Martins S/A","Consequuntur ipsum deleniti nam. Iste ipsam ducimus nam commodi alias.",-53.5374895,-10.214494,2020-10-25 23:28:22
cfea3614-52ad-4099-b292-bd920eec2686,"Costa S.A.","Veritatis numquam dolor error. Non corrupti maxime. Repudiandae a voluptatibus earum ex.",86.571325,-148.745766,2023-08-09 16:11:53
8cc9eaf8-c919-4d4f-a525-a481b58c870a,"Fernandes S.A.","Beatae aliquid itaque aspernatur fuga est ut repellat. Officia maiores id autem quam iusto.",33.6004755,134.197251,2022-01-21 04:35:21
95f0e021-486b-45c7-aabd-93feeaf78871,"Macedo Teixeira Lda.","Non quaerat atque. Quas adipisci tempore harum sapiente nam.",-70.1967945,-59.395015,2022-02-08 01:11:04
18b1a6d7-042a-4117-88c8-a5629215ec6f,"Carneiro","Corporis expedita praesentium minus nihil temporibus. Rerum provident illo maxime minima.",39.048965,-67.965321,2023-07-01 19:21:25
0e2e393f-9abf-4618-95d9-43a2395d1092,"Almeida","Ad sit aperiam reprehenderit. Dolor et atque.",-44.519792,-108.691076,2023-09-11 02:54:32
66adae70-1e9f-46f6-b9bc-69fda28901b2,"Matias Gomes Lda.","Accusantium labore pariatur aliquam. At commodi eum. Consectetur quasi nostrum tenetur hic non.",-76.287299,34.312537,2023-02-17 13:00:49
55e687ee-202e-4922-bfe7-5a8cf67d73e8,"Costa Pinho S.A.","Maiores repudiandae minus ullam omnis. Qui rerum impedit in recusandae placeat accusamus.",-80.993830,-99.605608,2024-10-01 23:57:07
c0ef68fe-508d-4a0b-bfe7-1d46aeb6aac6,"Valente","Laborum ut vitae non alias pariatur. Quisquam repellat corrupti fuga nulla.",89.075468,119.207571,2020-11-22 02:47:13
e2d20893-8203-4bc4-89b7-ae7ff8fdf6c7,"Maia","Odio illum quae suscipit. Facere consectetur quasi placeat officiis nisi.",42.3263965,-126.236643,2023-08-25 01:17:55
ce8b1aa4-c2d6-4a9d-8944-09282ea8cec4,"Gonçalves","Aspernatur provident sequi quidem fugit a. Et rerum quia atque rem.",27.9588765,21.924713,2022-09-25 20:09:28
78d6cc3a-0ad5-473d-8182-649b95b51f07,"Cunha","Repudiandae molestiae saepe error. Incidunt ut tempore cumque tempora.",76.106264,38.717886,2022-10-01 23:38:42
955dce2e-5f31-4f95-abad-0862d92a0ae9,"Carvalho","Nam tempore ab. Eligendi voluptatem expedita vel nostrum ipsam ex.",-73.2054505,149.627939,2023-11-04 01:30:25
130d9596-9ece-4cad-8694-97aa210e639d,"Ribeiro Amaral e Filhos","Unde explicabo quis quam animi quam quo dignissimos. Magni debitis totam odio facilis omnis.",-58.7486935,-83.022485,2024-07-01 09:49:28
55526300-073b-449f-a393-8915dce9f85a,"Pinho S.A.","Accusamus quae saepe ratione. Sequi vel eum perferendis temporibus.",12.393856,83.798885,2020-09-19 15:41:09
5afe07a6-9e9d-4f6e-a6e3-c684b63d94e1,"Teixeira","Magni exercitationem cum rem. Delectus saepe a suscipit. Cumque magnam quidem ut.",37.681267,39.528528,2023-04-17 22:45:03
a82334cb-a92c-49d0-b854-2bcb96673259,"Oliveira S/A","Possimus ab vitae deserunt ex eos saepe. Earum placeat laborum culpa voluptates repudiandae odit.",-64.2503535,-22.286614,2023-06-04 21:09:18
745bebe8-ddb6-4389-a36e-52c65bd520d2,"Baptista","Tenetur odit illum dicta voluptas incidunt. Maiores iure quasi quos sint atque explicabo.",81.751010,-133.707266,2024-10-06 04:21:08
1158ec45-6d4a-485f-a122-4515de773ebd,"Nunes","Voluptatem porro quae quas aliquid odit nisi. Debitis quibusdam at.",-77.4214405,76.806646,2021-11-24 22:40:27
3cb9d985-7e48-4aff-94e5-82a738976f29,"Almeida Lda.","Repellat nihil sunt quas eveniet. Voluptates accusamus debitis sapiente officia ex.",-81.676560,-55.332839,2021-06-25 01:39:36
90a936f8-db23-41fc-94d0-b38ea8ff4077,"Gomes","Magni saepe optio. Voluptate possimus deleniti occaecati corrupti.",-30.523721,-30.073568,2024-07-04 03:56:25
55d818fd-5d47-4e86-82d1-02535cc03f9e,"Figueiredo Abreu e Filhos","Praesentium quia architecto sequi magni aliquid. Magni velit corrupti praesentium ab ipsum.",36.067082,22.786313,2022-05-05 08:19:31
b285b7d1-8145-4563-aefb-8c953c97bf87,"Amaral S/A","Assumenda facere delectus itaque maiores impedit sequi. Fuga aperiam odit consectetur eveniet.",12.028867,135.141324,2024-12-07 02:57:19
a4a4a2e4-9c72-412f-a2b9-21c49426583a,"Amaral","Culpa numquam nemo laborum. Deleniti reiciendis accusantium modi quo perferendis.",7.964634,41.877036,2020-06-27 15:29:44
5c5232ce-e3bc-45cf-916e-18f6547c165a,"Ribeiro","Rerum ipsam debitis eligendi. Eligendi ex sapiente velit ab occaecati neque.",-11.1070525,138.469611,2024-05-21 11:06:23
c84ce560-4b5b-406d-8073-e229c8c13cad,"Correia","Mollitia ut eveniet dolore autem. Rem iste fugiat consequatur magnam dolor.",70.1073235,-77.656836,2024-10-11 00:18:47
7c589f24-c8f4-44cb-b743-ce6587e7d79e,"Campos e Filhos","Beatae nobis earum. Facilis voluptas dignissimos numquam possimus. Porro cumque nisi odit quia.",-18.8859255,-78.028316,2024-01-12 13:43:05
17b4a9f9-bfaa-4566-afc0-1e21a10611eb,"Oliveira","Nam totam qui modi tempora odio veritatis. Ex quis labore nihil accusantium libero voluptatem.",-73.159397,5.672711,2021-05-22 20:05:14
64c47f76-ea66-4231-8ca7-10251ba2fa74,"Matos Nascimento S/A","Non magnam iste maiores. Error laborum debitis incidunt suscipit. Facilis id cum ipsa animi.",-30.6464995,-101.714513,2023-06-22 17:18:59
01d7b991-f92e-4bb5-8641-e410fdfc9188,"Miranda","Tenetur quas neque iure eaque. Aliquid praesentium iusto ut deserunt.",49.3513575,-177.587783,2022-07-05 07:10:34
cf1d37ce-e6b5-43af-b251-b319fe7bdc31,"Almeida S/A","Error reprehenderit laboriosam quo. Incidunt ratione similique iste magnam assumenda.",-79.8594205,-6.460059,2020-11-20 08:08:18
fb016cf5-d0ae-4b7a-ba0d-7bb9cc61b4a7,"Araújo","Explicabo necessitatibus sequi rem placeat doloremque. Natus explicabo eum eligendi.",62.9372675,97.947729,2024-06-21 17:57:51
17c6d6da-4e80-40a9-8c38-80d2d0746036,"Gaspar e Filhos","Ea cum autem eum incidunt modi adipisci. Magni earum ipsam earum repudiandae reprehenderit.",-55.071969,-23.501442,2022-01-25 10:10:10
530db6c3-a28c-4772-8ef5-6e33438425fd,"Cardoso","Facilis beatae perspiciatis alias.",-4.919761,-57.315142,2023-01-04 18:32:01
70fecc01-418a-4c58-b16f-1e78f3ea923f,"Magalhães Neves e Filhos","Beatae repudiandae dolorum. Ab error porro suscipit accusantium. Suscipit omnis expedita excepturi.",-41.119245,-50.540127,2022-04-01 06:13:19
dba87965-3fee-4881-8ccc-2fe3b9ca0fef,"Fonseca Baptista S.A.","Vel alias deleniti non ullam eveniet harum. Officiis repellendus sunt soluta.",-58.7806445,-178.599785,2020-09-24 06:09:02
c3e4f6a3-acc1-4665-a742-1b33921db3fc,"Borges","Atque natus sequi quisquam quae consequatur.",-6.293300,92.840660,2020-02-16 15:44:24
f4536014-9113-41d7-a947-7805f50a399e,"Henriques","Praesentium veritatis ex. Cupiditate quia optio tempora veritatis ex.",30.3427255,2.430656,2023-02-17 11:14:30
b22d980b-2d85-4323-95a3-e980f5c0b6b4,"Leite","Explicabo excepturi quas alias itaque amet. Minima recusandae iusto.",19.192140,-115.961987,2024-10-23 19:38:33
aa863372-7369-43f4-92d2-b5427f329556,"Loureiro","Dolore aspernatur voluptatibus at. Beatae odio culpa velit odit ipsam consequatur.",40.736138,-114.585935,2020-11-08 22:12:42
eea433f5-9da3-4496-9c2d-6edcc3963c5e,"Sá Vieira S/A","Sapiente molestiae quasi accusantium quas. Qui et ex est aperiam eaque.",-76.1504995,-17.839280,2024-01-29 09:04:14
64844465-3e94-483b-b2f5-7cf85b81b321,"Teixeira","Amet explicabo distinctio corporis. Et soluta itaque eaque.",53.831017,91.554360,2025-01-18 02:51:46
7b948df3-f320-4cd4-b6a9-34c4da5a8e36,"Cardoso","Iste iste possimus animi. Distinctio adipisci nesciunt. Sapiente doloribus accusantium deleniti.",69.8675085,-37.278915,2024-06-09 17:43:04
767b03fc-f100-4f92-95e4-7b3ea85b403a,"Machado","Minus est maxime possimus.",-29.366298,87.775102,2021-06-15 15:26:18
f0ec5060-b5da-4efa-92a6-daf726d783fc,"Batista","Consequatur magnam nemo animi consectetur provident aperiam. Fuga aliquid dolor saepe id.",-8.681056,17.548977,2020-09-16 17:39:52
18e57f9b-e90c-4d38-ac8f-6981bcdc53d5,"Mendes","Distinctio ipsum nesciunt velit amet fugiat. Officiis impedit doloribus sequi.",67.2904465,-109.517869,2022-05-11 16:17:01
5e0bc7c2-10e0-4e4b-8bc1-793bcf8bf144,"Monteiro Garcia Lda.","Adipisci eligendi ea officia magni. Nam ducimus consequuntur.",-17.3175665,33.215192,2024-12-25 19:39:57
462ddc01-6664-4d66-a609-7eda86a808b1,"Cruz S/A","Nam at commodi voluptatem repudiandae earum. Nisi vitae repellat a. Et ipsum natus.",-16.869816,-124.199708,2020-05-22 23:32:39
c8d2fd78-2fe9-4b90-82a5-fdafd3b58f3c,"Valente S/A","Repellat delectus tempore nobis nesciunt.",-66.0414615,-6.029079,2020-05-01 08:07:18
63a262b1-42a8-4d55-b287-c7f06b2ab48f,"Carneiro","Quasi voluptatum dicta alias. Totam dolorem eaque ipsum consequuntur quo.",-0.6591275,36.207237,2020-03-04 21:45:39
72a9ec3a-cb32-4709-b69a-d99f9f80eaee,"Guerreiro e Filhos","Temporibus dicta explicabo animi maxime. Quas harum quam accusamus optio nostrum culpa.",-44.9460655,-13.531435,2020-03-31 11:40:06
0a2d0e89-b7c3-4baa-b122-a4c4ffdfa7c6,"Pires Lda.","In a et aliquid corrupti ratione optio nihil.",30.605979,51.206855,2022-03-13 04:38:48
9cc7e7a0-10a6-4bf3-9025-05bbb0ba0ccf,"Barros","Quod fugit nemo id nulla doloremque laboriosam accusantium.",27.7713725,-152.720690,2022-07-18 14:03:38
28d8ded2-b972-44d7-9c27-7e83dfb6065e,"Neto S.A.","Ullam ipsam quas molestias praesentium. Deserunt quaerat quas eum unde velit.",-51.4817335,-172.651990,2023-09-05 10:45:03
a0fc8916-8af3-4e84-a8e3-7266f54f8bbf,"Macedo","Recusandae expedita eius aliquid. Consequatur odio provident at. Nostrum cumque mollitia sunt.",-77.029947,158.114897,2023-07-13 13:08:45
a0240be6-c1d7-4a96-9603-712a4291f42f,"Maia Pereira e Filhos","Accusamus dolores quis natus rem aspernatur voluptate.",-13.384375,77.429103,2024-12-24 13:30:08
67dfe43b-086a-4ba9-a313-221f193d884c,"Esteves","Pariatur eligendi officia autem. Non voluptatum reiciendis ut velit quod quis minus.",52.1668205,-93.696663,2020-05-09 09:09:28
4b60be25-3f93-4239-87fd-920be0678b11,"Batista Cruz Lda.","Perspiciatis iste repellendus sapiente. Facere ea veritatis quaerat accusantium sed.",-79.210065,40.650669,2022-11-19 23:18:21
d2b6ba18-14ea-4321-80a2-5255d63e5dc0,"Andrade","Distinctio eaque labore asperiores. Earum maxime laboriosam temporibus at officia.",-13.8717365,-35.433451,2022-09-05 03:20:02
80ec8047-cb15-4dd9-b67b-01d7746477db,"Faria Nunes e Filhos","Praesentium atque saepe quis nihil. Voluptates culpa ipsum dignissimos quam quasi vero.",81.212987,101.676959,2023-12-07 10:16:04
2c38750c-23ed-44b6-a242-029180146d02,"Faria","Inventore sint officiis id animi.",-13.471826,-69.710219,2024-11-01 17:21:48
a63eb703-0f5b-4e6d-95df-2ed5f8379341,"Coelho Cunha S.A.","Est pariatur dolor. Nulla eum et aspernatur. Ipsam exercitationem in quidem explicabo occaecati.",42.715686,-52.161137,2023-12-24 04:10:18
f1de9636-5ad0-4b9f-b515-6d84b777b9d0,"Matias","Placeat ducimus voluptatem veniam cum iure aliquid. Mollitia tempore culpa ipsam ea eligendi.",20.7603385,178.684115,2021-07-12 07:50:04
dd5469e3-8a76-47b7-a152-8a5c4c2f5e9c,"Rocha Neves e Filhos","Maxime est porro ex ad repudiandae repudiandae. Voluptas sit quaerat ullam.",-60.7047575,-129.124171,2020-10-17 00:11:22
f9c7c15f-166c-4f5d-95b9-c2a2b7e1d212,"Costa S/A","Debitis recusandae sunt recusandae unde sequi at.",33.474659,-114.942242,2022-03-02 06:20:50
8110fede-4111-4867-b758-b4614c4f0dd8,"Nunes","Nisi ducimus provident aliquid quasi minima. Numquam numquam sint laborum.",51.1183045,147.371830,2021-04-03 09:04:02
3b6b4995-89ad-4d34-b7fa-2a93d7fd6603,"Maia Branco e Filhos","Nemo laborum itaque.",-45.995643,96.065058,2023-02-08 04:13:52
9d4fd3a5-76f0-40c9-b594-66c65cd6872c,"Moura S.A.","Deserunt quas necessitatibus quidem odit. Dolorem saepe officiis quo mollitia optio odio.",-53.3032755,154.147091,2020-12-14 19:24:08
e9343dce-495e-403e-b939-f64c141e6e69,"Amorim","Alias ad hic pariatur ab. Labore molestiae animi minima.",-35.6062425,70.729384,2021-08-23 05:07:47
b6e77858-78a4-472b-9a36-9872d88f730b,"Barros","Iusto sapiente incidunt. Reiciendis sed culpa eligendi ipsum.",-69.1018215,-15.471348,2021-10-05 13:02:18
e085cdfd-8936-46f4-bf0b-e716741359f0,"Oliveira","Impedit praesentium molestias aut voluptate.",-3.249122,21.017727,2021-11-13 11:28:34
c421d136-62d7-4b41-900b-d439f4cebfee,"Garcia","Rerum id sequi tenetur quia. Eligendi quo mollitia aliquid amet dicta. Tempore odit repellat quasi.",74.0090885,-132.855758,2024-09-14 05:55:39
a1eb0349-f97c-4653-b8ad-139bcba93fc4,"Rocha","Magni quisquam placeat reprehenderit sint sapiente dignissimos. Non debitis tempora molestias.",75.2355435,-11.359309,2021-07-20 00:13:28
bf331046-b26f-49b6-8c9b-d33b3eda2fc8,"Baptista Garcia Lda.","Cupiditate aut quaerat eos. Iste harum consequatur fugiat.",19.437085,170.748088,2020-12-05 19:27:06
a58badf9-be14-4dc8-a3d7-9d746392f2d5,"Macedo","Cumque eum animi commodi. Aspernatur ducimus accusamus sit numquam incidunt.",11.4485635,178.440283,2020-01-17 02:14:04
63c68182-a6b2-41f5-9cea-180b80627430,"Tavares","Occaecati esse excepturi voluptas. Molestias occaecati maiores corporis consequatur.",22.514593,127.346083,2020-02-19 08:59:23
17e0a341-fb8d-4747-88cd-9507fff178ae,"Castro Carneiro S/A","Quae sapiente quisquam consectetur sunt. Quo deserunt odio quisquam.",89.4398855,83.562170,2021-03-06 13:13:33
652ebe45-98a9-4182-8811-e91647f5e47e,"Maia e Filhos","Optio fuga nesciunt placeat quae maiores. Rerum ut voluptatibus quasi consectetur error.",-21.7423525,-113.571762,2022-08-19 04:46:37
e97eba81-89e6-4b12-8aa1-711554e04e70,"Matos Coelho e Filhos","Aspernatur quo modi sit. Voluptatem assumenda tempora error maiores porro voluptate.",-12.0686905,-138.403142,2024-12-17 04:31:10
0ed1aaf7-4897-4989-b945-e55c3f59025b,"Correia Sá S.A.","Earum harum dolorem esse. Molestiae eligendi iusto iure necessitatibus earum.",-73.278665,-51.115217,2021-11-02 15:37:35
3cada04d-eda6-4d58-bdcc-c6d577db45ee,"Vicente","Doloribus illum quae atque quas reprehenderit quaerat. Voluptatibus consequuntur commodi.",0.8980315,24.483875,2021-10-27 07:47:43
3ccb6d57-219e-4d57-820b-cb1933f136c5,"Baptista S/A","Perspiciatis est labore aperiam. Maxime accusamus tenetur suscipit minima.",-80.676569,37.120964,2020-11-22 10:12:24
6c78dd64-c3e8-4e36-9a91-142dd5805337,"Freitas S.A.","Occaecati quisquam incidunt sequi quidem id quo. Necessitatibus asperiores rerum autem.",47.7989195,167.949951,2020-03-20 08:54:15
9f187efb-0a75-43a6-b2b1-ad152a73bcac,"Mota","Aspernatur magni doloribus. Ipsum dignissimos ex quisquam esse.",-27.960170,136.779651,2023-05-03 14:32:26
3c919453-252b-4ee1-a212-6e242400990f,"Ramos Jesus S/A","Adipisci repellendus illo. Exercitationem vitae facere libero.",-52.4206505,26.608052,2023-07-01 03:34:59
12fb3b7f-b73c-49d2-ae75-4b279537fc2e,"Paiva Gaspar S.A.","Beatae exercitationem tenetur facilis deleniti. Minus autem sapiente placeat.",61.352607,113.206617,2020-01-07 06:24:12
b5e74700-cbdb-4407-bd55-c63ed3987b84,"Lourenço e Filhos","Facilis doloremque impedit unde aspernatur. Voluptas minima laudantium fugit laborum incidunt esse.",39.027881,96.725563,2021-05-06 19:35:25
a8b3bfc2-d56a-4f28-a00b-d8f021864b05,"Teixeira S.A.","Quisquam ducimus vitae nihil.",63.5515045,-0.430904,2025-03-09 01:31:12
91b9249c-4ac8-476c-897f-403718f39e17,"Leite","Incidunt facilis debitis. Error a quasi nisi nisi magnam quasi.",1.410715,142.097882,2021-08-01 05:46:56
9fd1cdc2-503b-4b1d-9295-b863aa0195d0,"Sá","Ut sequi qui veniam. Ducimus repellendus quasi perspiciatis quae distinctio.",-49.903366,-28.927405,2021-11-14 18:22:59
a6c2b690-91ec-4ae3-b5ba-15aeefac9c08,"Alves Fernandes S/A","Amet perferendis et cum. Rerum aspernatur exercitationem sunt.",-55.642919,162.220858,2023-06-19 23:05:33
70290d85-bc55-49d5-a0e4-8d6167deae44,"Simões","Sed nostrum neque dignissimos ex. Quod dolorem quidem excepturi possimus amet rerum.",34.232341,-148.440667,2023-05-31 09:48:37
3e2f6434-2eed-4976-92f9-4d64c38633a1,"Guerreiro Rocha S.A.","Nemo quia dolores laborum quaerat quas minus.",-67.2384665,24.815681,2020-01-23 10:23:13
28f829d8-e6f6-4859-9767-86328a60366f,"Baptista S/A","Quas delectus reiciendis. Animi numquam aspernatur. Aut fugit consequatur enim itaque temporibus.",-40.3761085,47.451524,2023-09-13 13:16:04
5de47a20-5276-4987-a546-347754bd3fb4,"Soares S/A","Tempore illo laudantium ipsam. Repellendus delectus distinctio totam impedit.",82.881456,138.656571,2024-12-18 09:07:02
a38cf3b9-faf0-4539-986d-8369e767804c,"Ramos","Iste odit repellat fugit.",49.397919,-5.532160,2020-11-28 04:28:38
2bab7889-287c-4102-b5e5-1c1e09761ce9,"Anjos Andrade S.A.","Dolorem magnam debitis alias voluptatem est. Quas pariatur atque nulla deleniti.",61.5663635,-33.944286,2022-10-13 08:02:00
4e2915a9-3270-4adc-9de3-33617557c2b2,"Azevedo","Modi quos provident suscipit nobis. Reiciendis in alias.",-40.437568,-101.899357,2024-01-19 15:12:52
05c1d85e-3d14-434b-b89f-7adb867d3d4f,"Martins","Error officiis facere facilis labore. Soluta praesentium necessitatibus impedit.",72.8337615,-171.471626,2021-11-23 05:31:02
0d166c83-de57-4aae-aa0a-26b4c63e0408,"Mendes","Eveniet eveniet nam tempore. At saepe ea ipsa.",-27.8661065,139.326134,2023-07-23 05:20:33
a10c66ea-4552-4325-8205-6061b07b33e6,"Pires Lda.","Eaque maiores fuga optio sit. Aliquam recusandae ratione repellendus ipsum ducimus repellat.",73.8517245,128.987120,2021-11-10 12:25:05
84742548-aca3-468d-b928-b9c905b69360,"Monteiro e Filhos","Quo quae cumque delectus neque dolore repellat. Fuga est fugit qui.",85.7211565,156.024534,2020-06-25 06:26:22
52494edb-86da-41a4-859c-07c9e475f0ea,"Amaral","Itaque iusto nesciunt quam voluptatibus. Sed corporis voluptas totam.",77.020362,-108.732802,2020-11-07 06:39:38
11ddff84-ae72-45c2-b991-b8b16880354b,"Paiva e Filhos","Quasi tempora magnam tempora. Eligendi non libero.",-40.526836,29.985364,2024-09-04 12:39:53
cb4ce175-0d66-42c5-bf22-7b443a92e67b,"Pinho","In accusantium dolorum beatae mollitia laborum reiciendis. Veritatis ut ullam facilis est.",29.4172105,124.174352,2022-04-05 22:14:42
c95b9f43-139b-4bc8-b7a6-844290d901a1,"Lima","Quaerat ullam dolorem nam voluptatum occaecati.",-18.7934255,-170.069127,2020-05-04 23:08:19
c68095bc-fc91-4dfe-a3f7-60d7a1356192,"Ferreira Figueiredo Lda.","Tempore natus quos fugiat. Expedita suscipit aliquid temporibus. Reiciendis architecto cumque unde.",-12.2172375,127.476237,2021-03-14 01:39:28
a23c5b3e-e701-434d-97f2-7a0bf4b14dca,"Carneiro","Ullam sequi excepturi. Dignissimos at dolore ex atque. Maxime commodi sed sint.",54.290056,84.526253,2024-04-15 10:19:45
17dad928-ad5f-4e05-a9d8-16e75c05cb01,"Reis S/A","Rem non delectus. Accusantium perferendis quisquam. Placeat excepturi animi.",-67.0565385,6.092410,2021-07-17 07:24:53
67b2240c-ae06-40d3-bd14-7a65c4b72b8a,"Ferreira","Ex sit deleniti eos. Aliquid aliquam excepturi libero. Eos inventore exercitationem fugit ex.",55.543404,-143.755831,2024-07-23 02:14:43
00dca478-1ea0-40c0-8b1f-eb23bf843a12,"Esteves e Filhos","Commodi eveniet quisquam dolorum distinctio beatae sed.",-12.5647755,-173.498822,2023-06-26 02:52:23
87d962fa-8055-458b-8d37-7b8726504778,"Alves Ferreira S.A.","Possimus facere animi facere. Earum aperiam explicabo ut mollitia placeat alias.",75.7193335,153.119923,2023-10-10 13:51:05
5ea74984-aa24-44f4-86c6-f7e752b57d0c,"Amaral","Nihil voluptates omnis saepe. Qui eligendi eligendi ratione accusantium. Recusandae totam enim et.",82.7721065,-58.733767,2024-10-16 07:01:45
ed223db6-243b-4a13-92d5-950cc876c7f8,"Nogueira S/A","Repellendus explicabo totam amet nihil a.",-39.247455,-95.853089,2023-06-23 21:32:22
dff88b34-a251-4345-a8b3-4c678e1193c1,"Sousa","Tempore officiis placeat impedit minus assumenda. Optio in laudantium quos commodi provident.",-10.351594,148.612723,2024-10-10 22:47:48
149d6d28-e2d9-4a52-b1df-07a2718771d3,"Neves Lda.","Tempora voluptatem alias.",86.8121245,142.903217,2024-01-19 11:31:36
6574792d-3780-46a7-947a-dbbde1a9f73f,"Cruz e Filhos","Officia magni atque accusamus minus sapiente.",-54.703825,-103.086351,2021-03-24 07:41:18
93bb50a7-603a-426c-b349-58223cc2efbd,"Vieira","A veniam illum et vitae. Suscipit nihil illum praesentium at molestiae possimus.",80.3652595,91.250412,2023-05-07 20:56:13
554b49aa-124c-464c-85e7-ada5981bb66c,"Antunes Pinto Lda.","Atque illo in totam illo adipisci fugiat. Adipisci reprehenderit culpa.",-27.2640585,-124.931294,2021-04-08 22:20:58
7c71f21a-e0dd-4993-b084-40dd0c8638dc,"Lourenço","Id quae perferendis. Omnis et ipsa ipsum repudiandae amet incidunt. Quia quasi numquam modi.",24.0636305,-89.489416,2021-06-15 12:13:46
04294924-0050-44d3-8cba-5eec8308fd53,"Andrade","Temporibus commodi quod quod.",22.464995,-135.726385,2022-07-04 10:46:33
f4c23027-2172-4b2b-be91-4b8689a2ad8d,"Campos Pereira Lda.","Sed tenetur excepturi aliquid est.",-56.776669,42.225219,2024-06-16 10:54:10
c4d0d2a2-3c01-4b29-95ac-9d3e71a35594,"Lopes S/A","Inventore quisquam quos illum. Voluptate cum consequatur necessitatibus atque adipisci.",64.915164,-105.007385,2023-04-17 03:11:28
8df8cf91-d722-449f-86dd-f5bbccfbfe69,"Anjos e Filhos","Modi fuga rerum neque esse ad. Deleniti ducimus fugiat pariatur sint.",13.9265955,38.276355,2023-10-28 11:58:53
5b9c83b9-3ab6-42d7-9e3e-341c17239f15,"Matias","Quidem adipisci aliquid adipisci enim. Corporis officia voluptatibus.",-32.1951375,174.931481,2022-12-28 20:50:37
e00e39ac-ebd9-45f7-a8de-64e8b20600a5,"Brito S.A.","Consequuntur quia sequi magni odio sit. Asperiores ipsum labore atque amet odio ratione.",67.090556,126.989310,2024-08-24 04:09:27
e7b742fa-6f3e-44b2-8d08-f20cbfd85c76,"Lourenço","Alias corporis hic exercitationem voluptates. Illo aliquid molestias facere magnam.",-15.925234,-20.403335,2023-05-25 20:51:05
571f3795-3baa-488d-b9e1-c7e8631e6a7c,"Brito","Officia accusamus aliquid possimus delectus maxime. Optio quae dolor nam ab.",23.3374335,-146.739363,2024-04-11 15:32:13
ddc0e65e-d552-4896-8168-e00d03b616c7,"Magalhães S.A.","Unde nihil aut necessitatibus modi nobis.",22.3963525,166.461572,2021-05-15 09:53:59
25fe6f4b-8c0f-4283-8a67-bdc1307470cc,"Carvalho","Tempore autem illo asperiores explicabo. Est consectetur enim sed id soluta eius.",85.1641475,-120.284165,2021-04-03 16:59:13
d029f003-3df8-4219-a50e-17bb228ddd0d,"Faria Barbosa Lda.","Reprehenderit deserunt asperiores quae. Explicabo officiis vel debitis.",48.4140795,111.236321,2022-09-21 18:46:31
e75d5f28-5afd-4a5c-b4c9-3041494673dc,"Leal","Fugit velit doloribus ea mollitia aut amet. Quo mollitia commodi veniam facilis.",-8.480506,4.138858,2024-06-08 22:42:55
71df8e8e-4e21-48d0-9f7a-e0e204b9659b,"Pinto","Debitis perferendis dolorem commodi illo. Id deserunt dicta eos. Suscipit sed labore.",-67.188044,152.420438,2020-05-05 09:32:50
50635135-2365-4e0c-affd-7fadbf4c9e77,"Marques Lda.","Reprehenderit perspiciatis quia ipsa labore. Nulla dicta iste. Maiores quam natus voluptas.",-7.7517125,143.364374,2022-06-02 18:29:00
8dc51aff-8b3f-44db-84f1-e0fc6ea052d1,"Cruz S.A.","Aliquam eius cumque cumque nobis hic. Nobis facilis at vel accusamus.",-4.4113225,-9.539531,2023-07-25 08:40:09
2bb24ec8-04eb-47ee-9110-cf2c64024888,"Azevedo","Voluptas suscipit tenetur nisi recusandae incidunt iure. Ea quas blanditiis hic placeat quaerat ab.",69.536609,159.613448,2020-01-30 01:21:42
16da5db3-8506-44d2-91d9-540c58bfbaf8,"Santos","Aliquam explicabo corporis accusantium vero cumque quasi. Eveniet excepturi amet alias.",66.0166235,-107.746696,2024-04-16 18:56:16
0d9316ab-0ab6-4e32-8379-b457c50e15de,"Andrade","Ratione temporibus excepturi neque in vero explicabo beatae. Tempora optio optio.",-50.6372015,168.286825,2022-12-26 19:34:21
d7450eeb-cb7d-4acf-9a1e-9d03ece94764,"Sousa Paiva S/A","Porro modi maiores. Delectus quo consectetur dolore nostrum.",45.555309,-151.067201,2021-09-04 22:50:31
63ed113d-b9bb-4e7b-8b66-b65d6570f69b,"Macedo Almeida Lda.","Iusto quo soluta ea quae pariatur perspiciatis. Facilis sapiente vitae aspernatur quis harum ex.",9.5112855,-88.947505,2021-01-14 19:07:36
3711a265-d1b9-413b-b3cd-598b356182bc,"Amaral Lourenço e Filhos","Itaque aliquid voluptas odio. Accusamus nulla qui rem.",-56.7962395,32.491217,2025-02-15 18:44:36
c043a1a1-ef39-4997-a0d2-f7d3bfbcc16c,"Alves Ribeiro Lda.","Quidem modi labore maxime delectus voluptatum eligendi maxime. Sit dicta eius ab.",-39.725116,-3.753929,2021-08-03 17:13:04
f50f488b-c95a-4d80-91ea-5a88e48166bf,"Loureiro","Nobis ipsam architecto quam. Hic ex nostrum hic aliquam iusto.",79.2955785,175.673880,2020-11-19 08:55:28
c8477e80-d855-4a14-b42a-eeccd158f803,"Alves Reis S/A","Molestiae ea hic vitae atque assumenda. Voluptatum inventore ex aspernatur sunt suscipit adipisci.",20.227559,-113.529007,2023-10-12 13:31:48
cbfee94e-c477-4fb3-9ca0-edc23bf9393e,"Pinto Vieira S/A","Repellat non et cum tempora harum consequuntur. Eum quasi deleniti rem.",-12.3970785,-131.317160,2023-01-26 23:56:56
3bdbdfb9-7032-4bbe-ba42-5ea0b585de4b,"Azevedo S.A.","Aliquid hic ipsa provident. Enim tenetur pariatur cumque doloremque.",-42.162922,-22.937942,2024-07-27 15:44:12
e84d03ab-fab6-4c24-bd8e-b2ef72135338,"Esteves","Quae numquam nobis soluta. Quibusdam officiis voluptatum animi voluptates nulla laudantium.",-23.2472175,-81.057955,2025-03-31 03:52:50
889f8185-cf49-4d3b-ac20-2074f03117b3,"Santos e Filhos","Magnam quia architecto magnam voluptate aliquam iste. Amet expedita fugit.",-40.4809745,50.081257,2025-02-13 22:58:05
aaf5d57b-7898-48f2-a794-e6325f95a7fb,"Antunes e Filhos","Ullam nisi itaque beatae voluptate harum. Eaque dignissimos vitae consequatur voluptatum.",46.246535,-11.299962,2020-11-10 15:18:56
b51bacf3-6b64-417b-93d5-2969f2204d40,"Assunção","Excepturi quia sunt officia. Assumenda dolor expedita consequuntur harum eaque optio officia.",-34.549398,-172.035732,2021-08-27 19:39:55
3ef22f13-1a1f-40b5-83c7-c926e26c820a,"Oliveira","Omnis minima quas consequuntur debitis. Neque pariatur ex beatae asperiores.",41.416000,133.527448,2024-04-27 10:58:27
fd138877-f7f8-474d-bf42-8a631e15ef8e,"Loureiro e Filhos","Vel esse esse eligendi ea possimus. Odio odio rem numquam quia voluptatum.",-29.599837,-34.711150,2022-01-16 00:40:09
bf222af4-400a-4294-b5d9-f6e41d53ec7f,"Amaral Sá S/A","Nesciunt temporibus mollitia voluptas. Dolor quam porro.",-13.2044525,54.460294,2024-02-18 17:22:22
4bb8842c-e366-43a6-a8e9-607186213e8d,"Fonseca","Nisi molestiae nobis dolore laboriosam adipisci. Accusantium atque facilis maiores non.",17.994006,-41.140598,2021-10-27 00:56:15
1ebe484b-d54b-45b7-886c-3e30166c87b8,"Barros Moura Lda.","Ad enim ad culpa ut ab velit. Inventore veniam quo. Quis ipsam dolore iure incidunt veniam.",31.692890,124.977055,2022-08-06 05:36:10
2a5ddf41-9c9c-4a2f-ae2b-2abbbdf7aa9a,"Pinto e Filhos","Corrupti officia ipsum accusantium. Vitae saepe cumque nesciunt.",-26.9377835,12.420972,2022-01-17 14:18:07
9b15e36b-94b0-4872-ad3e-58049985736d,"Nascimento","Nisi maiores provident hic. Magnam harum reiciendis consectetur vero voluptas dolorem.",27.4661455,-135.719143,2020-07-24 20:47:49
2c60d47e-3ab5-41d9-98a9-0a4ab245193a,"Matos Lda.","Quam amet corrupti voluptatum consequatur odio. Nemo dolorem quasi.",64.1754195,-89.850067,2024-02-14 05:22:46
f8f64027-6f06-466b-b61f-789db75b3a41,"Loureiro S.A.","Cum itaque facilis eius repudiandae. Ex in vitae tempore. Minus maiores similique et maiores.",54.513205,89.023588,2020-01-20 15:22:28
34c3c6c2-c622-4f63-a2e4-cbb7f48ac481,"Araújo Oliveira Lda.","Velit omnis blanditiis soluta sunt ut eaque culpa.",54.9630425,2.424800,2024-09-30 22:24:53
1f5507f9-7e25-4428-9c02-1b3fa67ed732,"Machado S/A","Nisi sint nulla quis tenetur officiis. Possimus placeat consequuntur dolorum quia cupiditate velit.",35.0032615,36.003676,2024-04-07 09:07:12
3394869c-c00f-443a-82cd-ea66816e2c10,"Lourenço","Labore porro hic. Ipsum facilis corrupti atque ullam ducimus.",24.988432,133.742873,2023-05-18 14:55:21
58fd2623-0157-483f-a436-848ecaaa7121,"Silva e Filhos","Ex ullam amet voluptatibus id. Fugiat optio fuga corrupti. Adipisci expedita dolore fugiat.",-19.7931265,81.841369,2021-08-05 04:13:23
ea11708c-aca0-4181-97bf-9c5c76a8fc1f,"Amorim Lda.","Ratione illo at ut excepturi deserunt voluptates. A est officia natus laborum enim.",76.997546,-1.303692,2024-06-02 18:32:25
87f7c882-23a8-41dd-a494-9eeececf8e83,"Oliveira Teixeira S/A","Ipsa assumenda vitae magni. Corrupti at accusamus consequuntur pariatur cupiditate earum.",-8.5994585,132.236012,2023-05-11 17:02:50
b1105dd8-1451-4bd5-87c4-bd2895789426,"Reis e Filhos","Omnis unde nemo nisi laudantium. Eligendi corrupti nesciunt quisquam.",75.4228155,-138.038268,2020-05-30 12:14:34
3c8472a2-6843-4e62-863f-ece2c5433db7,"Simões","Natus autem qui et tenetur et inventore. Provident quia quam consequatur.",-69.9392785,-77.751368,2024-12-04 12:32:28
d2ae583e-2a82-47a1-8c93-c397c77ee863,"Faria","Nesciunt optio deleniti ex quis fuga ducimus. Fugiat voluptates ea praesentium ex minus.",14.9053745,83.739637,2020-09-26 01:39:02
f31a05b6-d5cc-4fd3-95a4-e100adf1dce5,"Cruz S/A","Corrupti itaque in temporibus mollitia. Sint ab cupiditate sed maiores.",-48.6621895,80.075213,2022-02-28 00:51:21
42e9f24d-49b5-4b29-acd6-57770ee4d181,"Batista S.A.","Quos illo molestiae distinctio aliquam vero. Veritatis sunt exercitationem alias.",-22.3045915,78.235528,2023-07-20 04:54:46
7e651f6e-5299-4c03-b7e6-4726abb96f1c,"Sousa Nunes e Filhos","Quo quos nisi dicta. Quae velit voluptates. Placeat cum ut doloremque exercitationem consectetur.",-49.541083,-13.503567,2023-03-10 12:41:54
7ac0f4f4-453b-48c7-a9f2-f37be9a854f5,"Andrade e Filhos","Ut atque porro molestiae soluta natus tenetur. Animi explicabo praesentium itaque.",83.2202765,84.557362,2022-11-05 17:07:48
38a3c49e-4acc-4a0a-bf4e-2b6e0fb9d84a,"Assunção S/A","Placeat sunt deleniti. Eveniet repudiandae possimus ut sed voluptates.",89.934014,171.477680,2024-02-15 10:06:02
271a9005-9714-48a2-9da1-803756e07923,"Antunes e Filhos","Quidem perferendis ipsum fugiat voluptates quae atque. In adipisci provident aspernatur.",73.974311,40.807016,2024-08-03 11:03:01
be9d8263-9617-4aca-a020-2d68e9be558f,"Loureiro Rodrigues e Filhos","Sint error aliquid eveniet et at.",89.0638805,4.088396,2023-02-22 05:38:47
2bc2cd19-f87a-499c-93e1-c709176839cd,"Simões Gomes Lda.","Ullam eos vero cumque nostrum in ea. Pariatur nam sint voluptatibus atque dolorum.",-89.8961345,79.994901,2024-03-21 20:57:51
36876c0e-7656-416a-ba7a-4086555d9960,"Sá Batista S/A","Exercitationem ipsa odio aliquid repudiandae. Neque labore expedita unde doloribus enim molestias.",-7.523934,-39.088133,2024-06-19 07:57:35
d199a700-8baa-49af-bef7-3feda4c71d40,"Oliveira e Filhos","Ipsam eum laborum sunt molestiae illo. Vero magnam nihil minus. Vero harum quod numquam ipsam.",47.6967225,64.973436,2022-10-04 00:16:14
80cdef5b-2fba-4219-8335-960612590004,"Macedo Fonseca S.A.","Sunt molestias eos minus quas. Repellendus voluptatum nobis natus repudiandae.",-88.3720275,42.088446,2021-10-01 06:47:20
62f5ae46-18ed-4efc-a270-8c514b75aaf7,"Baptista Alves S.A.","Ipsa impedit aspernatur. Qui in beatae fugiat vitae ab illum.",22.893934,-32.331240,2020-08-09 15:08:12
faf1f457-e2d8-41b7-9acb-151fe36efaac,"Gaspar Lda.","Voluptatem ea asperiores labore natus. Dignissimos laudantium occaecati quae non natus alias.",60.576748,124.977926,2023-10-25 02:28:43
08c43fe9-1259-4f79-9e2e-0795a3be8ed7,"Martins","Est possimus voluptatem porro unde dolor consectetur magni.",-36.294284,-174.829836,2023-07-04 02:04:42
f617d835-e01c-4d48-9359-91e4d57f18df,"Carneiro S/A","Autem minima praesentium consequuntur. Recusandae debitis autem quos excepturi.",-40.9965725,-35.943928,2024-09-07 13:38:39
f2fb1ef5-f752-4ebd-a8c0-293d2d90494a,"Branco Lda.","Iure occaecati a rem cumque. Provident eius voluptatum rerum minima.",69.434459,-171.868982,2023-07-16 16:54:33
d7afb90f-497f-4f4f-9ec4-ab5d3f844aad,"Vicente Torres S/A","Nam occaecati porro nostrum aliquam. Labore dolor quidem. Minima quam aut possimus eos.",-80.878573,-143.155111,2023-09-07 17:57:56
a4a51759-79cd-42f0-9237-ebd189301055,"Pereira","Voluptas animi dolorum provident placeat. Voluptas dolorum commodi nobis quo cumque.",87.174505,-170.670526,2024-01-18 22:27:19
f081847f-a4e2-4ef5-96d7-73dbd584eddc,"Sousa","Iste culpa itaque aut veritatis amet consequuntur.",21.5799235,26.684039,2020-10-01 21:46:37
d6155379-9a0d-4f77-9e34-48c54154ea55,"Pinho","Repellat corrupti non dolorum adipisci perferendis placeat.",69.301833,38.251027,2021-06-04 19:30:37
432c5318-eabd-4f83-9312-8d4b664f3437,"Sousa Gaspar Lda.","Doloremque libero non.",-21.263703,115.922906,2020-05-17 20:39:47
b7921298-4181-4d1b-9e63-432511c772ba,"Lourenço","Iure error pariatur atque officia excepturi rerum.",-1.653884,38.822811,2020-03-05 14:28:01
775c8fc4-8e82-488d-be4d-9bd440c3c8b7,"Vieira Barros Lda.","Voluptas illo rem nostrum. Iusto tempore error eligendi est.",-65.3434075,17.464808,2023-12-19 17:13:26
f54e9731-eb38-42d8-b42c-eacc6cb3a761,"Almeida Cunha S/A","Sint aperiam perspiciatis. Dolores rem nam.",-30.563849,-54.820662,2023-08-11 07:18:32
a3e5ff2f-4edb-4e2c-97e6-168f9d882410,"Maia Lda.","Sit eos odio sed dolores illum esse. Quaerat cumque modi maiores nesciunt voluptatem beatae.",-60.934399,-10.157719,2022-12-09 16:13:13
681b91b5-51e8-468f-b51c-88e4e757e0b1,"Nunes","Beatae dicta earum animi architecto. Optio accusantium quasi vero.",-75.0210885,-162.810321,2023-02-19 10:43:49
eb9ca273-9ada-48ce-86a0-bb8f4931c34b,"Abreu S/A","Iste iusto sunt autem sit. Consectetur tempora aut tenetur.",52.4645375,21.822027,2021-11-13 13:49:14
667b7cc1-f048-4dd3-883c-3d00e0833324,"Costa","Quasi modi corrupti dignissimos. Nihil beatae est quod.",4.7986965,124.416616,2020-06-07 16:33:43
4bd9214f-2e5d-4ca3-8bd2-11602d5578e0,"Gaspar Macedo S.A.","Ipsa asperiores eveniet. Accusamus esse voluptates maxime ullam.",-78.592698,26.467875,2022-01-07 17:35:06
d896eb34-62fb-41f2-bb61-5d27b1172596,"Reis Mota Lda.","Vitae ut necessitatibus nobis. Explicabo fugiat ratione deleniti dignissimos.",63.3131075,-81.745225,2021-07-18 22:21:21
7aca0e4a-61f0-4c36-917a-0982d08ad66b,"Sá Batista S.A.","Nobis minus rem beatae. Reprehenderit iste necessitatibus itaque fugiat.",78.3929065,-174.870663,2021-09-15 14:26:32
f4dc0068-18f0-488e-a544-928341bce5b3,"Pires","Ratione atque velit ex.",-16.499139,-135.014880,2021-12-08 11:08:16
afc2c017-e1f7-4437-8907-32c1eb443707,"Leal S.A.","Cumque placeat minima at. Harum incidunt optio rerum officia. Eum alias nostrum assumenda iste.",26.6595025,-99.148204,2023-07-19 14:02:40
d25220e6-f806-41ac-9dd6-9b1f36d34313,"Lopes e Filhos","Possimus voluptates quas eius quis.",-61.275677,-87.985080,2023-02-26 07:00:39
d0dd1954-532f-4b0c-a0bd-1c2ba06e1aa6,"Monteiro","Ipsam enim laboriosam. Quaerat quis consequatur aliquid natus. Inventore et quaerat eos corrupti.",-81.7587975,133.786419,2023-02-17 15:27:17
1eeeed43-8b4d-4a98-9135-93cbeeab21fb,"Amaral","Distinctio minima velit numquam saepe vero fugit.",-73.596848,-36.987580,2020-11-28 01:13:30
457e3fea-9ff2-4b3b-a95a-228d57886961,"Correia Pacheco S/A","Eaque est explicabo id natus illo. Esse delectus explicabo quasi necessitatibus non corrupti.",60.250442,-116.450899,2024-01-02 16:10:17
d3f4e434-77a8-4fe0-9d2e-e0c4777ad767,"Carvalho Vaz Lda.","Alias eum impedit commodi cumque quasi. Quo veritatis a.",47.066762,29.647963,2020-01-16 18:31:06
626db66f-5bc7-4c93-8f97-4ec99a0849e4,"Gomes Lda.","Autem eos voluptatibus amet rem. Occaecati voluptas consequatur. Omnis placeat perspiciatis quasi.",51.6449315,-45.770280,2023-09-20 14:30:48
5ade8e04-31d7-4fce-8dfe-8f4eb7d47981,"Oliveira","Libero nisi non quaerat ullam voluptates dolore. Magnam doloremque consequatur soluta odio saepe.",72.711751,-154.871463,2023-09-04 13:26:31
edc4721d-57c6-406e-aa8e-8013e528398c,"Barbosa Lda.","Alias quam dolorum molestiae atque ea culpa maiores. Iure amet velit assumenda.",82.335454,-106.364755,2022-12-18 00:48:58
d2eddf49-931b-42d9-bebc-fff0a6b174a6,"Branco","Assumenda aperiam voluptate facilis. Architecto consectetur accusamus earum nihil possimus.",86.1244555,118.477373,2021-08-20 22:10:44
376b8b02-1728-4d21-981e-a5e4ee11e637,"Rodrigues S.A.","Libero modi nulla. Officiis expedita quas autem aliquid.",-85.3223055,-32.360944,2023-08-10 10:21:56
515d48c6-1f1c-4e43-ab29-6de2794fba74,"Faria","Quia ab ipsam consectetur voluptas ea. Corrupti laudantium adipisci eum blanditiis recusandae.",66.474903,53.420857,2022-06-08 03:31:18
5ba37628-1d77-474a-b77c-7c569621805d,"Miranda","Accusantium non voluptatem laborum. Nostrum voluptates quisquam.",86.3525605,-48.498754,2020-07-27 06:34:37
b1eb2f77-7762-412f-acad-55fa3bd84eb1,"Cunha","Repellendus dolorem occaecati.",-35.747867,47.025012,2022-04-06 05:51:35
3c94ee57-6764-4280-be21-c58c39a13c34,"Campos","Nihil rerum aliquid porro. Eos reprehenderit aliquid recusandae mollitia. Ab ducimus illum.",-66.846679,-55.575821,2023-03-30 10:41:55
872175bb-0fb9-4a0c-91a9-0794802789dd,"Vicente e Filhos","Pariatur qui vero odit sed dolorum a cupiditate. Cumque laudantium nisi architecto.",-79.827481,-31.842969,2023-05-15 06:12:40
2f1fd6e0-d015-4741-b8ba-e44290af5f64,"Machado Vicente S.A.","Reiciendis omnis ullam modi neque. Molestias voluptatem ab ullam sapiente corrupti maxime possimus.",12.0550615,177.647642,2022-04-21 01:43:21
4a58364f-8c9f-4b97-9071-651fae17c05f,"Domingues","Eum modi quos perspiciatis. Unde dolores accusantium. Molestiae nihil dolores vitae saepe cumque.",4.5402575,-141.798850,2024-11-17 21:24:17
f882b59d-2d19-4f64-bfa6-b91ab5ac1ba9,"Freitas e Filhos","Cupiditate numquam magni laborum doloribus deleniti. Iure nesciunt sunt odio eius consequuntur.",-61.338244,-103.161627,2023-07-21 15:43:44
d454f4ab-529c-4c6d-a90a-a775235d015e,"Nunes","Quod accusantium rerum molestiae. Quasi vel sed assumenda odit at harum. Nihil occaecati rem et.",-69.134174,41.414971,2021-06-30 23:56:47
2a101451-3508-40b5-a7a9-2dc9c4e264fa,"Baptista","Vel labore culpa nam. Mollitia veritatis magni id. Beatae architecto cum ducimus.",75.104521,-103.209434,2021-04-28 10:24:09
b0a295d1-3554-41a9-8732-f1a9ad1bc3f8,"Santos S.A.","Inventore amet saepe consequatur. Quibusdam quasi ratione eaque modi ad sed.",25.5101485,59.543044,2024-10-08 08:50:19
c6a9470e-610e-4303-b785-2e8f4adeb180,"Pires","Distinctio vel qui ratione est. Suscipit vel maxime repellendus culpa dignissimos.",-59.233401,80.960409,2020-04-18 19:04:03
2a0899af-f8c3-46e4-af30-4e1d4232af2a,"Moura","Quis laborum sint eaque nulla culpa incidunt.",-0.953477,-128.574891,2021-06-13 02:12:32
73396518-194b-4852-bc94-f3980e33d853,"Assunção S.A.","Quod consequatur quibusdam. Dolor facilis dolores beatae natus. Provident itaque quas cupiditate.",9.5087965,-166.734184,2021-06-19 23:07:24
7d41ff70-6c58-49c8-a940-7dcd602545fa,"Leite","Voluptate sed quae deleniti quaerat quaerat ipsam. Iste illum eius fuga deleniti dolorem.",81.7880645,-21.849628,2020-01-12 17:04:01
18ba10bf-5b5f-4086-8c0a-156faf9bedb4,"Machado","Aliquam eveniet laborum minima quos porro. Explicabo recusandae cum beatae expedita modi soluta.",-57.3142505,-100.836488,2024-04-25 02:17:43
493d09cd-8797-410b-bcd0-f977f7e2e53e,"Vaz Neto S/A","Nam dolorem voluptate delectus. Explicabo consequatur nam cupiditate placeat dolor.",77.5799755,-109.695351,2021-01-30 11:43:06
1870fb64-d0f9-4a5c-abb6-8689ea90897d,"Pinho","Repellendus velit nam aliquam. Optio doloribus quaerat animi fuga.",29.371485,124.301032,2020-11-16 15:56:20
a241fc0f-5c31-48e5-b2de-f2490e6629f6,"Mota","Earum voluptate blanditiis pariatur blanditiis. Eius vel sit distinctio voluptatibus.",68.3974915,-3.544484,2023-02-17 16:43:31
b4e26d60-6d3d-4dde-8a17-5b0de88120e6,"Ferreira e Filhos","Alias animi corrupti quibusdam vitae officia. Rerum illum laudantium eos.",2.903892,84.667589,2022-02-21 04:03:22
d0890631-1fe8-4a9d-bd1b-aa2b014f6a38,"Sá Mota S/A","Iste amet veniam dignissimos.",-29.759894,42.286201,2023-06-23 15:53:27
16115ab1-7f08-489d-b4a6-2d263c96a78e,"Nunes S/A","Velit ut incidunt consectetur. Nihil totam voluptatibus.",34.311860,162.424470,2021-07-28 14:38:53
82dcee2b-99d2-4a71-bffc-8371edcf1734,"Macedo e Filhos","Quia praesentium temporibus a voluptates et. Minus aliquam harum vero sed voluptatem totam.",76.036446,-84.592654,2024-08-29 20:04:05
593786ae-3046-405e-970b-4d88f6e06350,"Araújo Amorim e Filhos","Incidunt blanditiis dolores dolorem. Quidem sed perferendis deleniti consectetur molestiae placeat.",50.5911475,-132.458261,2021-09-14 17:32:43
5fb673e5-2f58-4577-a045-b8f70b3d1a2e,"Santos S/A","Alias accusantium reprehenderit vero ullam. Ullam doloribus cupiditate esse fugiat.",45.7565605,-40.983517,2020-10-22 19:30:35
ad044baf-9889-4a08-a7f6-e29255be07b2,"Mendes e Filhos","Fugit magnam corporis possimus quibusdam adipisci laborum.",-38.761097,56.329684,2021-07-12 06:22:24
8fbe796f-7f20-474d-9355-41e8ecb65012,"Vicente","Maxime adipisci at soluta. Rem suscipit omnis repudiandae.",-81.748294,-56.640618,2023-05-25 03:54:47
259b0c68-e748-40a0-8e22-bde8ea3ac3cb,"Pinho","Consectetur asperiores eligendi ex exercitationem ducimus. Quo sapiente libero aperiam molestias.",17.4430865,178.494326,2024-09-18 02:09:36
0a5204c6-30cd-4f96-800e-49c554a739ca,"Moreira","Dolorum quia earum unde tempora. Dolorem dolor harum enim. Architecto illum iusto sed.",-4.7168575,99.258187,2021-08-13 22:58:03
ab60c3ba-4d9a-4390-a566-e57f1ebfbeba,"Carvalho S.A.","Excepturi saepe nemo. Possimus doloremque maxime odit libero veritatis similique.",-8.978175,33.769243,2023-08-18 23:47:24
c748514c-cb31-450e-b08c-3eeac2caa6f7,"Pires","Consequatur temporibus minus ea libero. Error odit deleniti corrupti iste sapiente pariatur.",1.651936,177.672320,2023-11-19 02:57:28
3dd8ad3f-486e-4087-8c9b-1c1a72e1d821,"Vaz S/A","Quaerat placeat eum voluptatibus sed eaque est. Sequi fugit reprehenderit doloremque fugiat.",44.029048,166.164543,2022-09-24 22:58:51
e8850851-09a3-44cc-9cf4-e761832eb9df,"Esteves Campos e Filhos","Accusamus modi non harum accusantium deserunt.",64.627321,-119.719377,2021-02-14 17:53:14
bfa46da9-27b5-43d0-a139-565df5f8dfa9,"Matos","Aut distinctio perspiciatis ipsam corrupti. Nam nobis enim. Similique odio quia tenetur cum aut.",32.9170555,14.892817,2022-11-21 16:32:55
a718d51f-aee6-487f-8785-861d5061675f,"Henriques Martins S/A","Ea voluptas iusto ipsa consequuntur autem odit. Quia labore officia accusamus.",69.117031,104.712442,2021-05-28 15:19:46
092568a8-3637-423a-9e19-3d3d29f6e1a1,"Vaz","Voluptatibus quo doloribus aut. Blanditiis consequatur dolores. Voluptatibus quos ab molestiae.",56.054674,146.101965,2024-01-16 18:32:22
b34b7b86-f7e4-458c-a59e-ef89b2ae81e5,"Esteves S.A.","Possimus deserunt incidunt reiciendis blanditiis veritatis.",40.131289,-56.492925,2023-07-24 06:02:23
85ef78b2-6b47-4a48-b342-dc75b154b60a,"Matos S/A","Debitis iste iste quo rerum quo. Ab velit harum quisquam nesciunt.",-59.165271,118.472586,2023-02-25 21:08:07
55357f13-e995-47f1-829a-1a44473e6685,"Gaspar","Nulla deleniti accusantium eveniet ipsam. Optio debitis quas voluptates sunt.",7.6789775,103.091688,2025-02-28 17:02:24
d75b1f4c-f00c-4aaa-8c98-1feb637ea7c0,"Almeida","Quos magnam placeat magnam expedita.",20.4548365,-41.115059,2023-05-19 07:35:19
ff9fda93-5dc1-4cbd-97cd-82e0e960a3ef,"Almeida","Est qui architecto totam neque laboriosam. Quas voluptatum et repellat. Dicta nam atque dicta est.",32.1223435,-56.694563,2020-02-03 14:11:42
c17aa948-7652-4c10-8e8f-a3a7fa864c9b,"Henriques Nascimento S/A","Libero maxime repudiandae alias odio sequi. Corrupti numquam numquam et repellendus error laborum.",-1.766305,-129.969871,2023-04-27 15:15:32
f7baf002-e902-40c2-ba17-e22a616fa8a4,"Matias S/A","Aliquam fuga at molestias possimus distinctio. Quisquam nulla iste non.",82.342952,-125.972471,2023-08-11 21:38:54
907c0e81-0df2-43da-a7e6-a7281381aed8,"Costa","Quo odio possimus dicta enim dignissimos modi. Commodi impedit modi atque expedita.",-58.9918005,-87.004217,2024-01-07 04:03:24
2bf78c00-db3f-4267-8bdd-a944b78d95a7,"Araújo","At reiciendis recusandae tempore occaecati cupiditate mollitia. Omnis officiis quaerat veritatis.",75.6826525,-19.467882,2020-10-03 02:07:40
571be9ea-d0e1-448a-9185-c08a405e55a6,"Pinto","A assumenda fugit perferendis cumque corporis. Id a accusamus perferendis quidem at impedit.",49.413754,-65.185352,2022-07-25 05:31:10
8e6ebcdb-a78a-4f6e-a876-7e1297a44eef,"Silva S.A.","Deleniti dolores cum recusandae voluptatibus ipsum. Maiores rem cupiditate.",-86.841534,-145.739257,2021-12-04 20:39:02
9eca51af-cedd-4132-bffd-0c15d3b762be,"Ferreira Cunha Lda.","Necessitatibus vitae velit voluptas maxime molestiae. Placeat tempora amet saepe.",69.019682,-126.657393,2022-11-12 11:02:52
d0919e0c-c573-4aec-8b96-a801d031294e,"Vieira Nunes S/A","Quia non dolorem dolorem earum. Distinctio quasi culpa.",-58.6372685,3.561183,2021-09-30 04:12:02
d6a5e8f7-436b-4dd7-9b36-0cc8679f41dd,"Leite S/A","Necessitatibus neque ab. A laudantium voluptates harum eos.",19.174205,-179.940767,2024-11-23 21:53:04
69833bfe-c9a0-46f5-a47e-de346317dfb7,"Macedo","Assumenda adipisci aliquid. Nemo nam praesentium illo.",66.1319685,170.120909,2024-01-16 20:27:10
35873cb1-dd0b-4386-ad67-4ad1934b4f2a,"Ribeiro Andrade S/A","Delectus tempora adipisci iusto facilis perspiciatis natus. Atque excepturi est saepe.",-67.6083965,145.993813,2024-02-20 19:32:58
66df2fc3-5b59-4b50-8d5b-4f63f92eebf1,"Amaral S/A","Rem ex voluptatem deserunt laborum. Hic vel atque laudantium perspiciatis culpa totam.",24.502700,1.924913,2023-06-02 05:35:18
8b7567b1-5cd4-4647-a64d-4ae300eb2c45,"Araújo Cunha S/A","Facilis modi dolorum ipsam quos voluptatibus. Quasi repellat quae tempore.",13.624257,-178.538186,2022-10-29 06:22:12
cf97a20c-17dd-4c6d-96d1-3c18c75e2795,"Vieira","Suscipit a eveniet animi. Recusandae nihil esse non in harum.",-78.000894,-30.661967,2023-12-29 17:19:59
4bd569aa-7aed-45d6-a77d-f2d32d0cc94b,"Gomes","Velit beatae laboriosam ipsa. Iusto quaerat ratione architecto. Debitis facilis laudantium fugit.",89.3253225,35.858722,2021-03-11 17:16:48
6b91c318-af81-4cdd-aead-560c1a77f3d1,"Macedo","Veniam error doloribus veniam ab commodi. Corrupti sapiente ad nostrum. Soluta consequatur odio ex.",-6.1274255,72.443051,2020-11-27 16:30:06
7587159e-cf35-4b37-bf15-0314a222922d,"Magalhães Nascimento e Filhos","Officia nisi nostrum nostrum laborum. Ipsum reiciendis molestiae repellendus ducimus inventore.",62.8471795,163.313137,2020-10-23 14:40:31
d5a0f2de-01d9-4107-ab38-23e455c9d192,"Branco","Commodi odio nobis nobis ipsam in. Pariatur tenetur in eos. Porro praesentium et voluptates.",-41.8148685,-62.015853,2022-12-31 23:01:26
8671c807-f6cb-4eff-b33c-3a32e81329d7,"Lopes","Vero laudantium dolores molestiae. Ducimus dolores pariatur qui ex assumenda nemo.",85.6490695,57.898668,2023-07-30 08:51:43
03385363-b7c3-48ae-b66e-4a40c2b77b56,"Henriques","Quaerat repudiandae ipsam unde optio veniam minima. Repellat nobis fugiat architecto sint.",88.304166,124.470436,2022-10-20 18:37:54
b0b0b388-53e9-4117-ba98-47a6995029a3,"Cardoso","Dolores laboriosam dicta voluptate quaerat. Quam quasi tenetur natus dicta perspiciatis dolor.",81.6768005,4.434734,2023-09-11 02:27:34
2c101096-834c-4371-89a2-1034e5fe0fdd,"Silva","Repellendus aperiam quaerat. Facere quisquam nobis animi numquam blanditiis tempore.",-62.0676245,136.319526,2020-07-23 17:24:52
42761f5c-b21c-439c-83db-40ee3a53dbd5,"Gaspar Ramos S/A","Suscipit perspiciatis sit facilis ipsum iste fugit. Maiores quis error id excepturi eum rem.",37.044617,-105.793106,2025-01-08 01:01:02
96689537-47c2-4b32-877b-2fca506822d9,"Pereira Araújo e Filhos","Nemo deleniti aliquid odit vitae ratione optio pariatur.",-47.910324,-169.527201,2021-10-20 12:51:39
a3aeaf19-df44-4e7e-9c51-bb618c33fd67,"Carvalho Rocha Lda.","Porro consequatur corrupti laboriosam. Enim reprehenderit odio vero.",69.617648,-92.121162,2022-12-18 03:52:18
878f9762-7118-4bde-9bde-5c4b19c3433c,"Cardoso Cardoso e Filhos","Maxime sit minus beatae quod. Est expedita nisi sed inventore. Dolores corrupti repellat.",81.4884735,-78.626049,2022-06-07 09:40:11
ef3db7f1-7f3e-4f6a-a490-790cb6c36c43,"Anjos Ribeiro S/A","Maxime nesciunt dicta. Sit ex vel soluta. Voluptas repellat quia odit.",33.123331,171.357949,2021-09-25 13:42:07
57da9c70-48f3-4709-bd15-1202df56259d,"Miranda Baptista S.A.","Reiciendis veniam quis assumenda illum. Tempora doloribus amet ipsum.",50.486961,43.587357,2025-01-26 15:52:15
8bbfa2e8-6cb0-42bb-a23f-d36650376af8,"Fonseca","Possimus nobis temporibus accusamus. Reprehenderit ad illum voluptatum earum.",-10.051120,-20.854530,2024-10-08 15:18:56
a671f88c-d588-46ba-b2c5-2ee8eb08d7ab,"Azevedo Barbosa Lda.","Iusto similique mollitia omnis. Nam distinctio quae.",-59.613761,-57.214948,2020-09-02 21:59:48
162786b2-ced4-4d69-b65d-39d0c3497ec6,"Nascimento Ribeiro S/A","Ullam cupiditate unde maiores enim. Expedita quos voluptatum doloremque.",8.229192,60.965424,2023-05-12 15:04:23
62b8405d-bf6d-41a6-b223-5216a4f5c31c,"Assunção S.A.","Repellendus esse corrupti assumenda. Impedit porro rerum. Nulla repellat magni ex hic illum.",26.0658025,-69.368270,2022-04-10 05:27:58
eb17a7a9-da84-48dd-9eef-616b15426be8,"Valente","Dolor a similique laborum. Nulla possimus iusto distinctio alias eos.",-83.0268955,-145.182991,2020-01-10 03:35:06
d49871c2-c6c2-424a-b83e-23df49703197,"Castro","Sit nemo molestiae fuga unde. Enim aliquid consequatur iure.",49.0958875,48.898017,2023-09-13 16:57:04
5dc85d47-cb46-4e70-8775-1a44d47c7aa4,"Sousa","Vel eos non eum dicta. Nemo possimus voluptatem vero.",12.902128,-145.600895,2020-09-27 23:57:40
064ca24c-a41e-41a3-9ba4-142d7cfcd713,"Nunes Oliveira S/A","Eius voluptas ratione soluta. Dolores et harum. Illo quidem aliquid.",6.367975,11.567578,2020-08-19 22:30:31
e36df3e5-6b3c-4e40-ad65-ec7a8fe2f981,"Gonçalves Lda.","Vel nostrum non cupiditate. At iusto placeat consequatur. Quia autem saepe eveniet quos.",83.9420875,149.210134,2021-03-26 08:27:30
7b792c5f-f9bd-4232-8afa-e79a8574cfd1,"Ferreira","Minus iure ratione omnis repudiandae quod. Fugit perferendis consequatur mollitia ratione debitis.",-71.393776,90.640988,2021-05-12 04:35:40
e06b50ce-7d86-49db-987b-6c5ccda06087,"Freitas","Quam laborum itaque ullam ut tempora. Culpa consequatur velit dignissimos atque.",-38.463461,70.580223,2022-06-03 05:27:34
6d92cd08-42df-4345-aa31-034ba359976c,"Gonçalves","Vitae vero ipsum impedit dolor mollitia. Id harum iure nisi repellat blanditiis nostrum eligendi.",89.3955565,33.979396,2023-02-12 13:19:41
b97449aa-bec3-4031-9387-f3a2ece9640e,"Melo S/A","Cum quas delectus nobis. Quibusdam voluptatibus suscipit nam dignissimos iusto.",88.0005535,13.335071,2025-01-19 22:07:30
3a29e53a-263a-4ab2-be9e-68a505d84231,"Alves","Explicabo maiores libero provident illum. Iste dolorem earum consequatur.",46.0821175,146.117490,2021-05-25 10:16:12
62a5fbb9-7df5-4b4a-ad3f-0806ecc6439b,"Leite Lourenço S.A.","Sed asperiores fugiat eaque earum cum. Veritatis nostrum numquam expedita nisi.",31.525834,-17.416525,2024-06-27 09:24:01
8ba58795-ccb2-455d-a673-4f4cbe36d5a0,"Carvalho S/A","Aut quisquam ea amet unde. Maiores laudantium enim accusantium adipisci possimus ut.",-10.2271695,156.031241,2023-05-10 02:04:32
1587b22f-9794-40ae-b236-7fcf3651ae73,"Mota","Molestiae quos itaque incidunt amet. Ipsam ipsam saepe laborum sequi maiores quas.",-81.5713295,163.686381,2020-11-27 01:12:18
c7f31540-ccd4-4ece-be9b-594b02afb1ae,"Anjos","Earum provident tenetur perspiciatis itaque accusantium corporis.",-52.2452455,-102.928156,2024-12-04 18:56:56
e8f17043-d802-4785-a8a7-9124077f40d2,"Loureiro","Incidunt in quod nisi placeat. Accusantium veniam molestias ipsam accusamus dicta.",51.8436045,81.881653,2023-01-07 13:00:09
68904e39-8a7b-4ded-8e90-5a19c769d8fb,"Valente","Inventore earum perferendis.",33.0565025,-175.748122,2023-06-06 20:15:37
6d04a6a7-0b43-4289-a160-afac4b8ad5a0,"Rodrigues S.A.","Odit soluta doloremque. Odio eveniet est totam corrupti.",2.175301,-111.287831,2022-07-18 02:28:08
bb771aa8-a4a2-4952-8095-ba7e0931b5e3,"Nascimento Barbosa S/A","Quia doloremque sed excepturi.",0.9645265,69.639066,2024-09-09 08:09:07
81d5203a-5213-40ce-bb8a-ec6267b74363,"Silva Vicente Lda.","Sunt et rem vero veritatis optio excepturi eius. Assumenda velit tenetur nihil minus vel.",72.7576645,-36.935144,2021-12-03 13:42:18
92d98992-93e3-4814-8c18-3bb8fc494a0c,"Esteves Moreira S/A","Ad a id.",-16.7411015,132.500498,2021-11-16 05:13:23
4a8dc52a-4e28-49e3-8569-26fff4185678,"Ramos","Vero beatae delectus quod ducimus fuga odit.",82.8738295,11.702562,2023-03-31 10:09:00
a179e061-d11d-4006-868d-ba7e4ee0f5c7,"Pacheco Lda.","Dolore fugit harum. Delectus aperiam eaque architecto suscipit quaerat necessitatibus.",76.6601915,-131.385498,2021-11-20 09:05:56
96f208ba-1cd2-4bde-a980-60f334ab33bc,"Pires Batista Lda.","Libero repudiandae placeat eveniet odit voluptatum. Dolorum velit iusto assumenda voluptate.",30.733914,78.969794,2021-12-26 15:34:45
f62b2713-87d9-4794-9033-a3421dcedfdf,"Loureiro","Veritatis tenetur nulla eos porro velit iure error. Sunt quas ratione cumque delectus.",88.442968,-40.693992,2020-11-29 07:00:21
1db43a73-8d22-4d74-9861-203cb65615d2,"Amaral","Commodi accusantium quae suscipit fugit reprehenderit. Nihil magni facere.",-30.9269085,-150.682471,2020-05-02 16:19:38
90e38f2f-9f01-42ae-a15f-8e795a6322dd,"Neves","Aut unde omnis autem quia at quos.",53.1072985,80.085136,2021-12-09 21:06:14
b1f9b24e-b977-4183-b4fc-2356fb50df83,"Nascimento e Filhos","Totam dolorum odit sint tenetur sed. At omnis aliquid voluptates.",-59.9011335,167.914584,2021-10-08 02:44:17
f41ee92d-3db6-4727-9ad8-5709b38f4509,"Cardoso","Neque fuga enim illo. Sequi maxime repudiandae voluptatibus soluta ipsam laudantium.",-84.047790,-137.767436,2025-01-04 15:10:19
8762e6fc-41b6-462d-94f3-9350d2b78900,"Martins","Voluptatem rem quam porro illo. Est illum nisi repellat atque minus.",59.6046775,73.797858,2024-02-04 04:29:11
e21504e5-6741-46b9-ad0a-c6eb5ef7d8c0,"Rodrigues Cunha S.A.","Minus assumenda possimus. Ullam consequuntur voluptatem reiciendis ducimus facere.",-52.603548,-76.491897,2025-04-03 16:28:53
4b711dcd-7b31-446b-a765-6d250ef456cd,"Nascimento S/A","Cum quaerat quasi accusantium laudantium debitis. Occaecati commodi veritatis.",-41.7799185,56.403786,2022-02-10 12:47:52
97c2ce3c-80d7-4615-b915-c70282c4e597,"Vieira S.A.","Excepturi deleniti ipsam. Nemo aliquid ad consectetur autem dignissimos. Magnam enim autem illum.",71.1116545,64.406839,2020-10-24 06:54:31
31dd0222-423c-4748-ab99-fc8411381cdb,"Domingues","Expedita hic rem. Cum in omnis aspernatur accusantium.",60.6752895,-127.516639,2023-12-18 02:52:12
3676d8a6-5c43-4b76-a6ff-f1dcd640d8b9,"Maia Mendes S/A","Reiciendis quos odit minus ut. Modi aliquid beatae aliquam. Id incidunt earum reiciendis placeat.",-89.075789,-75.491020,2023-04-27 10:56:30
623635d7-0658-4f21-9d5b-5f84a884a46b,"Lima","Voluptas quis harum assumenda perferendis delectus. Animi architecto vero odio facere eaque.",74.904974,-16.782600,2024-12-24 08:37:33
e91f0623-9219-40fd-8e0d-cc376dd45340,"Baptista","Omnis similique dicta.",-79.794492,132.090337,2023-11-30 07:26:36
fae11ee0-ccf2-42b0-9914-6f21cc47b69a,"Esteves","Earum libero nihil aut reiciendis. Odit voluptatem alias eaque.",-38.9825235,-12.351784,2020-03-15 19:24:04
45779dc5-f3d8-4946-9c07-9ac3837d2280,"Pinheiro","Quae quaerat quisquam tenetur excepturi. Nihil laborum neque possimus accusamus aliquam.",-40.8736135,-52.349360,2024-04-15 23:35:21
f02f43a0-faa3-4cff-8079-7790be22abce,"Morais Silva Lda.","Tenetur nostrum sint pariatur culpa temporibus. Voluptate sequi ea asperiores.",-44.398137,112.504356,2024-11-06 11:10:14
10a3647b-6d07-4cbb-9db0-1a5559dab02e,"Sá","Nihil amet quis aperiam alias nihil impedit.",26.3601135,-43.894954,2024-02-24 03:54:40
e055a54a-001f-4578-af38-1079cdfcf640,"Gomes","Qui illo perspiciatis enim impedit a ad.",68.1895135,169.199664,2022-10-30 07:37:54
743f09df-004f-4f74-aec4-e0166ebe5949,"Branco","Exercitationem aperiam in ad. Illo repellat nihil molestias aliquid quidem voluptatem.",67.160430,-46.278274,2024-11-05 19:07:39
ee184e71-c2aa-4230-ae03-f0a22c14ed3e,"Jesus","Aspernatur aut ea vel mollitia odit.",-56.887478,-41.147350,2020-08-30 04:42:06
bc97483c-1eba-435c-bed7-6f692e4beadc,"Vaz e Filhos","Quidem maiores vitae corporis ipsa veritatis. Odio suscipit ipsam. Quos est quas vitae dolorum.",29.497122,94.831453,2023-09-18 19:37:18
bb8e5395-4f86-43c6-aa8b-484fc9e35206,"Amorim Lima e Filhos","Velit praesentium repellendus ex nisi earum error. Magni quis ad nobis nesciunt.",39.557954,-163.181265,2022-07-06 01:54:51
330fbdce-39f3-49af-b4e9-178efbd325e4,"Pacheco e Filhos","Eveniet provident vero officia. Cumque sunt laboriosam. Tempore saepe eos ad.",36.1048925,13.552987,2023-11-18 08:43:05
f548e491-d8f8-488f-a85c-9761cb301914,"Vieira","Aliquid deserunt repudiandae cum impedit porro perspiciatis. Distinctio quidem eius.",-28.923680,-105.071793,2020-04-10 22:38:56
2a10fb65-fbe3-47be-86ff-9800cc2d9d78,"Torres e Filhos","Optio aut itaque quaerat perferendis aperiam. Maiores nihil occaecati magnam dolore nam.",20.607163,38.857804,2022-11-01 17:58:54
9bbc2b57-e726-42b2-9b1d-d8e801c258c3,"Fernandes e Filhos","Porro temporibus natus debitis voluptatum sit quae. Quam animi id ratione.",-16.667926,-63.248019,2023-03-10 21:29:47
f255f4fd-d1a2-4896-9cb0-4ae49dc064bc,"Rocha Moreira S.A.","Omnis ad ipsa ab excepturi earum. Optio minima enim dicta autem.",71.389794,178.152686,2024-09-10 06:13:01
e635628c-f060-4480-9db1-659776f3f461,"Torres Lourenço Lda.","Consectetur beatae vitae dicta quod accusantium. Ipsum placeat laudantium cupiditate nobis.",-87.5177085,73.527655,2020-06-25 19:43:23
73f202eb-07b3-4013-9582-728e5452a920,"Assunção S/A","Corrupti sint ut veniam. Id quibusdam illo voluptatum veritatis. Porro optio deserunt iure.",74.099856,-100.489567,2023-07-21 06:14:48
c618bc1d-0a79-452c-988b-23501537cab9,"Simões Amorim Lda.","Ipsum molestiae voluptatem totam excepturi aspernatur. Mollitia sed maxime quas voluptate sint.",-58.8841765,60.066725,2025-01-07 09:21:53
8f382fdc-35f8-4162-bc47-9839e39f74f4,"Lourenço Lda.","Officia consequatur odio consectetur. Sint voluptatum quos.",15.637429,176.118577,2023-11-08 05:11:58
6dc0bc7d-c089-4b7d-9f23-9287f66a970c,"Nogueira S.A.","Vitae vel harum iusto sint sed ea. Debitis ad minima tenetur reprehenderit voluptatum consequuntur.",-22.632427,21.534907,2024-02-02 14:08:51
c3eb64e2-222e-4c65-b34e-f8de495b914c,"Miranda Lourenço Lda.","Tempora sint praesentium et officia reprehenderit rerum. Voluptate soluta dolores tenetur.",62.4106685,-147.764631,2022-08-29 19:34:27
cc09217d-68ce-415a-be5e-daa3882cd045,"Andrade","Ex ullam sequi. Ipsam doloremque est numquam a. Veritatis at officiis labore at.",13.989711,164.555868,2024-06-19 09:46:58
21890f15-a7b0-407e-b3b9-78167da20634,"Vicente","Cupiditate quisquam fuga laborum praesentium. Consequuntur odit est blanditiis dicta nihil.",-43.3460145,99.712910,2020-04-15 03:10:40
339d6033-c077-466b-b8bb-b5d101cb3962,"Brito Lda.","Nisi saepe laboriosam iste. In quasi voluptatum. Voluptate sint magni quibusdam autem.",-22.1824765,134.316189,2022-02-07 09:19:23
674822a0-dd06-4179-aa60-3b1274dabde0,"Lopes","Est earum nemo eum tempora id tenetur. Qui repudiandae autem distinctio eos ad.",45.6342665,53.576285,2021-03-03 04:01:10
3ff7efc2-df8e-4760-94e6-78e58193897c,"Lourenço","Illo ex nisi ex. Sed eligendi facere modi quae.",-9.1397165,-74.125580,2025-02-05 08:04:30
e0047540-9046-4059-a594-3ffdaa1a6ad0,"Cunha Nascimento S.A.","Optio nisi quae nam sapiente. Illum sit totam deserunt.",-54.4131135,86.274527,2023-10-23 02:29:05
2deb8f0b-bcce-4b5e-958e-3a5d71450430,"Sá S.A.","Reiciendis ullam officiis nostrum eius. Dolorem facilis nobis voluptatibus.",67.3786945,30.604468,2024-06-20 06:45:15
d71ca03c-c5ec-4a07-9f33-03a8738dc448,"Cruz e Filhos","Exercitationem nemo in.",-39.575785,-174.150686,2020-11-29 20:24:20
a4394c33-b506-47dd-8e78-44a7feadf4b3,"Magalhães","Blanditiis amet quibusdam. Explicabo sed non beatae deserunt maiores unde quisquam.",-75.9107245,106.421471,2021-03-25 20:03:15
6b48e1ae-3760-4809-85da-e76463299f87,"Abreu Ramos e Filhos","Tenetur error ex ipsa quam assumenda. Consequuntur totam qui.",50.8166375,93.273884,2023-09-10 09:21:17
1334b2e0-0945-4793-b759-088d5500d11c,"Garcia","Minus quae aperiam doloribus eius. Dignissimos cum id voluptate enim incidunt animi.",-73.5810755,-118.009479,2021-12-05 01:25:16
a272c411-dd81-4b13-9ed7-ab37a88113b4,"Soares Almeida S.A.","Nemo optio quasi quae. Illum eveniet nesciunt ipsa. Repellat eaque dolor dolores ipsam eos.",-77.9984225,-137.448648,2021-08-27 00:20:59
50e19c06-1981-45b3-b8c2-565da36eb1ca,"Carneiro","Saepe perferendis ullam alias.",38.648767,-109.939448,2024-06-03 07:40:57
701d7e6f-67dc-425c-b583-28384f69c182,"Melo","Repudiandae tenetur dignissimos excepturi. Sint aut quam corrupti.",62.5633605,-160.103393,2022-04-02 22:39:56
01ff1984-fde9-4962-bab2-6274d7b0c73d,"Ferreira","Architecto at nesciunt eum sint. Culpa quibusdam eligendi cupiditate architecto fugit.",23.1637975,-71.618054,2020-10-18 23:31:16
8d6e0632-8899-44f7-8cb7-4d8afaf0984b,"Ferreira","Incidunt veniam asperiores enim quos fugiat. Repellendus dolores quasi excepturi eum.",39.094319,100.823014,2023-11-28 19:53:04
8fae90ea-d27f-4446-a2ae-020413ca09ed,"Mota","Dignissimos perferendis tempora suscipit quaerat. Ut omnis tempora.",13.3451865,-113.508813,2022-07-31 15:59:04
f8136561-1ea9-4095-bb6a-6972be3edce3,"Antunes S/A","Similique ipsa minus excepturi a. Iusto incidunt qui cumque quam commodi.",-36.1875375,-103.662814,2024-05-11 20:17:59
3137ffb3-e416-4c03-a680-d8c11c0f17dd,"Vieira Henriques e Filhos","Ratione accusamus similique atque velit. Nisi iure commodi facere reprehenderit facere.",32.0747435,-34.239891,2021-02-05 01:21:25
76a2d7b9-c50e-45b4-8f65-64fdb6cdd0e5,"Sá","Illum ea alias voluptatum natus. Dolorem nesciunt tempore explicabo sit animi minima.",-53.820574,7.638836,2021-02-13 10:17:53
11456bf6-544b-475e-9f33-beceda38dfab,"Ribeiro","Reprehenderit praesentium odio iste. Tempore nesciunt reprehenderit dolorem eius.",-46.178491,-71.599676,2020-01-31 17:24:22
ad928bfd-9c72-4027-b12c-10ef123e40b4,"Assunção","Alias adipisci rem magnam tempora quisquam. Nulla enim itaque nam dolorem.",-4.184354,86.702705,2021-05-22 16:40:10
7d8362ff-10f5-4031-9260-a26a8c2a19c6,"Pires","Inventore consequatur molestiae magnam. Quis exercitationem inventore iste.",66.7701585,102.931402,2022-06-22 16:08:50
e9f4d96c-b13b-4f1f-8bff-ab69a1a80153,"Sá","Assumenda voluptate saepe.",-2.266611,157.221676,2020-08-23 05:01:13
e7955553-d643-4144-b0d7-a1412d298ee1,"Domingues","Adipisci est dolorem necessitatibus. Nam nobis provident. Recusandae maiores quo possimus minus.",-82.6654865,120.863309,2021-07-05 19:53:48
419cc2e3-d832-4fdd-b07a-a9926376ec69,"Monteiro Oliveira Lda.","Ab optio deserunt numquam. Ullam voluptatum occaecati ratione fugiat.",-14.935716,-24.373615,2021-08-13 10:21:50
a12646b7-44e6-4e13-9de8-c71f4cb1d219,"Rodrigues S/A","Vitae placeat ipsam ad. Repudiandae ratione atque aliquam.",-26.3240535,84.769114,2020-01-24 16:49:59
0b9e3095-081b-4ad0-812c-49a6c5d6b1c8,"Amaral e Filhos","Eius omnis nam praesentium totam culpa magni. Accusamus adipisci possimus labore aliquam incidunt.",-34.2477535,113.401271,2023-12-17 20:40:55
2934493d-b866-43ec-9785-c1d7735f2172,"Araújo","Distinctio mollitia illo maiores minima deleniti ut. Totam praesentium repellat rerum.",85.6747565,-98.248479,2025-03-21 15:39:14
d8e35866-97aa-43b4-b1c0-5dc12f0ecb44,"Simões","Ad earum cumque vero quisquam quas. Asperiores illo provident dolores soluta totam voluptatem.",-78.1850565,34.815388,2023-03-12 15:40:39
9ac65f92-6326-474b-aa72-52edcb86ef80,"Soares","Perspiciatis repudiandae officia. Aut quam vitae sapiente laborum dolor.",-29.351152,-106.565217,2021-10-15 00:57:58
c56f97fd-da85-4644-975d-59fbcfbb7f01,"Faria e Filhos","Suscipit quasi ab fuga. Tempora consequuntur amet amet maiores. Dolorem nulla et officiis.",-18.406357,-26.022179,2022-04-14 02:22:11
351b3858-dbf3-4280-8407-65182517cd9a,"Anjos","Hic nemo quo sit. Similique molestias atque debitis. Provident iste enim aliquam repudiandae.",42.487126,-95.526561,2020-01-22 20:57:19
7a36a426-fbb4-4c29-83de-22e252aec281,"Coelho Tavares e Filhos","Natus odio ex quo alias. Placeat expedita fuga distinctio unde vero.",-62.7316965,-36.365281,2024-10-03 18:01:34
18d7e2cc-5001-491d-b4b7-c8fb7c6d2492,"Pinto Ribeiro Lda.","Eius enim tenetur doloremque cumque quibusdam. Maxime eaque at blanditiis mollitia.",83.283683,110.104523,2024-01-01 09:52:28
612c8823-730b-4ec4-a6a7-84c106d8f42f,"Anjos Lda.","Aperiam tempore doloremque laborum asperiores vel commodi. Animi voluptas omnis tempore.",23.9665075,-32.943814,2024-11-10 16:51:38
61ce163a-8b6c-4226-820c-75d205e626a2,"Simões","Laudantium minima possimus voluptate nam atque. Architecto laborum itaque nemo quia esse.",-81.874213,68.248985,2020-06-07 10:53:34
edd4fb8f-6281-4bd9-9571-393227bc824a,"Fonseca Gomes S.A.","Eos magni expedita velit atque hic praesentium. Ratione et asperiores quasi dignissimos nam ex.",57.758211,-155.306883,2021-08-14 15:22:12
7e12bf86-af3f-4ab3-841c-57db6e1fa1cc,"Cruz S.A.","Amet maxime consequuntur quasi. A cumque iusto placeat odit culpa similique debitis.",-38.2244235,-49.877498,2021-03-27 17:50:44
569844af-e06b-4dc5-a6eb-d92fb29b4ae7,"Simões","Possimus beatae enim laboriosam eius nobis veritatis.",28.759498,-64.214850,2022-10-30 07:09:39
3c743c39-3e92-4705-a46a-d5bafc12e520,"Pinto Simões e Filhos","Excepturi quod ad esse deserunt. Consectetur occaecati ut aperiam vitae itaque quasi maxime.",-22.7834805,-147.583318,2023-07-21 17:34:47
7523523d-e274-43ff-9d63-c59e92ed34f4,"Vieira S/A","Possimus sunt impedit illum molestias magnam a. Perspiciatis laborum eaque.",2.4116805,109.602436,2025-01-29 07:44:09
fcadb721-a14b-48fd-acbd-c87ee245bc81,"Castro Coelho S.A.","Sapiente ipsa provident vitae sunt. Laborum optio magnam nisi nulla.",-21.063481,-44.605068,2021-10-26 07:13:13
622e8d16-6d42-42f3-859b-27408da9694a,"Neto","Occaecati placeat tempora labore. Illo laboriosam illo commodi error minima.",-59.2576435,-176.482097,2024-12-15 22:32:06
f52f69e2-a2eb-4599-a57c-62e236f7b237,"Fernandes Faria Lda.","Quas officia libero ab. Nostrum fugit maiores sunt doloremque.",-4.3090275,-142.413376,2024-10-25 13:55:22
eac59b21-6a83-49da-8426-caa788844fab,"Alves","Ad veniam quasi libero. Ducimus doloribus nobis dolorum velit. Natus qui qui.",83.1693835,90.725642,2025-01-10 11:19:08
089b76db-518b-43cd-8d2f-72e51b3fe4b8,"Pinto","Enim delectus optio in magnam nesciunt quas sint. Quas fugiat itaque voluptatum sint.",-3.7253275,177.035927,2020-09-13 05:01:37
dbcc41cd-c5c9-4c1a-91be-6a4acbbb60e8,"Silva e Filhos","Labore modi quasi nisi quae. Qui ab aut magnam.",-52.024143,-128.475396,2023-11-19 18:50:06
69371ac4-8dd0-4ed9-abcf-3ece9e4d9fb4,"Nunes Garcia Lda.","Quam eveniet quaerat facilis eligendi eligendi laboriosam. Quo natus labore assumenda.",88.131837,-3.191605,2020-07-29 16:37:35
cfe79189-0706-4a5b-8840-c48e41a9e0dd,"Valente","Placeat sunt unde veniam in ratione. Deserunt occaecati magni nam dolor suscipit est.",43.3651835,-62.372920,2025-04-11 09:58:53
8c188e17-4636-435f-83e4-6ee8585ca5e8,"Pinto S/A","Consectetur minima culpa vitae deserunt. Debitis unde omnis doloremque facere.",45.591452,146.432554,2021-12-31 12:45:03
dff9aed8-13e7-4056-ae3b-53d306cedb42,"Tavares S/A","Recusandae nisi reprehenderit cupiditate officia voluptatem error dolores.",29.7319615,100.310658,2021-01-15 03:56:01
a4daea61-ba26-45dc-993e-5b9372d6c939,"Campos Lda.","Sequi quasi laborum. Adipisci consectetur illum nesciunt aut eligendi.",53.601630,-79.803348,2022-08-09 16:18:20
dffe614f-159c-4dae-a8ec-72129aa94e8e,"Sousa Lda.","Ipsa dolores incidunt.",16.1209065,-93.661972,2023-08-07 20:55:01
dba8cb42-ef7a-48de-89bc-1cc0745565e2,"Gomes","Mollitia nam eligendi optio eius officiis. Qui illum perspiciatis rem. Quis recusandae consequatur.",56.8474025,160.481837,2023-09-15 18:02:45
d4e0c63c-fcc2-4a3d-96c0-fa4bef5ec2f1,"Sousa","Nisi iste autem odit fugit a. Ullam nemo unde. Accusantium alias quis ducimus eos iusto totam.",30.0646525,32.319886,2020-10-24 04:57:08
1d3f687c-1853-4571-9939-7926fe44eac8,"Loureiro","Fugiat cum ab ipsum omnis incidunt. Nisi corrupti illum maiores perspiciatis aspernatur voluptas.",-55.882493,-43.368781,2024-04-27 03:42:21
4be2a5fe-db6c-4e81-a1f0-ad1603e5d869,"Cardoso","Culpa ut soluta ut harum ratione possimus. Modi eum totam ad rem dicta neque.",-47.129580,150.610764,2021-07-28 07:01:38
b15d2ef0-7a57-455e-a8e8-354f998ee294,"Martins","Earum debitis quam. Unde blanditiis quas at possimus.",12.1223635,-39.469013,2024-03-11 10:46:34
7da0ec18-a900-4f7c-9771-f1e336f980ab,"Pinheiro","Suscipit ea provident harum. Reiciendis cupiditate natus unde ex non laudantium.",-14.645272,163.053653,2020-07-25 19:34:22
ff807768-ce1b-4379-b714-c16e6f6243a2,"Vieira S.A.","At veniam labore debitis. Quae suscipit consequuntur repudiandae libero eius.",-6.8262615,12.798282,2021-10-31 15:06:09
ee279ed7-917e-4ebd-bade-0b76c3c241cc,"Coelho S.A.","Ipsa corporis deserunt. Ab temporibus in sint qui. Reiciendis perspiciatis eum aperiam.",-55.376762,-103.040514,2024-09-08 03:55:11
6d60dcf1-b924-43b8-a786-e3c620dcf2c8,"Rocha","Sapiente quos hic tempore autem. Rerum expedita omnis sapiente beatae quibusdam ad labore.",-19.3927875,52.029433,2024-10-09 22:03:45
7c11527b-ff41-4183-b359-4c9ba294a4db,"Costa S/A","Esse dicta error. Dolore magnam odit iure consequuntur voluptatum.",19.7056185,104.652407,2023-10-28 23:40:55
4234c7fc-64c6-4c55-9df6-bf5814969faa,"Vieira","Dicta placeat fugit occaecati perspiciatis.",-1.9532755,31.478766,2023-08-24 11:50:46
74b01634-9321-48a3-aff0-68f3a7316755,"Nunes","Placeat eaque sapiente maiores ea. Nobis rem esse maxime enim.",32.4189665,86.759380,2022-03-03 08:15:46
d74e3e9d-56d3-4cee-a654-c7bbfb660979,"Assunção","Debitis animi ex optio soluta. Rerum officiis fugiat aspernatur.",-11.542147,113.247262,2022-07-06 01:13:34
ec11c4b1-997c-4263-958b-8fb935b66253,"Magalhães","Eius molestias quibusdam voluptas explicabo libero.",-18.468812,-50.735609,2022-11-03 05:45:10
9e90c02c-6b6a-4dd6-969d-c7eab2bd8b7a,"Jesus S/A","Necessitatibus labore rem voluptas. Nemo deleniti pariatur esse.",-81.907817,54.625135,2020-01-08 11:18:31
0a8d231f-99d4-4407-8fe8-fe0c7c336230,"Macedo Lda.","Cumque est maiores quisquam eum. Numquam consequatur fuga natus officia.",50.680623,48.265706,2022-11-29 05:45:27
f0108a2a-2c56-46d9-b708-f8731f505b55,"Costa S/A","Quasi maxime autem. Aspernatur ipsum odit autem provident error a placeat.",14.973188,156.230701,2021-07-07 16:31:29
96e69532-028e-46d1-a823-7b82f518aea7,"Silva","Nemo qui maiores provident repellendus provident nisi hic. Sit accusantium et corporis ex commodi.",8.645417,-87.594907,2023-09-09 12:52:12
e61acb24-b6d1-4705-8924-f35cb0ddb0a5,"Vieira","Aliquid atque libero cum. Officiis tenetur alias eos. Excepturi suscipit ut dolorum.",-53.0907725,-153.223217,2020-09-29 19:35:32
cef54247-44fe-449e-b6cd-b9339c27683f,"Martins","Excepturi consequatur facere excepturi eveniet at quod. Repudiandae magni cum.",57.4828015,170.549907,2021-11-15 06:36:22
b50c7565-fc77-4202-934f-1eac8b85d569,"Nunes S/A","Ipsam atque ad expedita qui quibusdam. Ipsa cumque reprehenderit et.",-13.799551,-175.752145,2023-05-03 01:13:41
40ac63b5-0b2e-42de-a4c8-76490ae07b80,"Pinto S.A.","Maxime totam fugit soluta sequi consectetur. Minus aperiam nostrum assumenda voluptatem earum ex.",-42.1300225,101.478318,2024-04-10 00:21:10
dc98237a-6708-405d-b45b-068d6fc113af,"Amorim","Beatae sunt dolores dolorum sed.",-5.884736,-45.597160,2022-02-01 17:29:17
8705f967-35d5-44e1-a68a-157b19889ffc,"Garcia Lda.","Ex ullam dicta expedita accusantium suscipit ipsam. Praesentium alias repellat temporibus.",56.896191,139.334458,2022-09-03 03:52:02
1f8b269b-52be-47c2-96c0-fec27264e949,"Nogueira","Dolorum eius fuga repellendus fugiat. Rem pariatur sint illo.",-69.463765,160.779350,2025-04-07 08:47:59
d2721fca-7e01-4053-bc80-a8ef8f024c21,"Monteiro","Porro ut ipsum consectetur ipsam voluptatibus. Nesciunt est magnam accusantium sequi.",6.8983685,-27.737151,2024-05-02 12:42:14
c3ed5884-cf29-41e4-aa92-c7f8450e3aae,"Soares e Filhos","Facere occaecati atque cum. Dolorum totam laudantium id.",26.779061,-20.474479,2020-01-25 13:36:09
68e700ee-13bb-4974-b1d8-f2ea0789783c,"Branco Figueiredo Lda.","Quisquam officia sequi qui ut quisquam sint.",-65.0161645,144.674844,2024-05-06 14:17:44
dae07622-9294-4ef6-b1a9-1fc9bec6d6b7,"Cardoso","Aut eos explicabo asperiores illo. Laboriosam quod quod sit dolore provident neque facilis.",6.6617755,-64.153343,2022-08-22 00:10:52
28dd33df-3e3b-4f30-9de8-aa8342921373,"Amaral","Eaque quia odit vero corrupti debitis ab. Fugiat explicabo officiis cumque.",-88.784492,-105.746611,2021-05-07 21:58:58
a7dfa43c-7a7d-4117-bf12-6d26ad91b37d,"Cunha","Minima voluptate iusto repellendus vel voluptatem. Omnis ipsum amet vero sequi minus esse.",-79.257163,-105.593415,2023-11-28 18:09:24
c6080b37-8bb1-4d87-8358-33ba70fa0566,"Pinto Marques S.A.","Perferendis vitae qui sit voluptates aperiam eaque facilis. Veniam velit ut nemo.",-18.1324885,106.462201,2024-04-29 17:32:30
420307a2-61d1-49b8-bab8-8180af9729b5,"Tavares","Eveniet laboriosam distinctio porro alias. Laborum quo sunt facere rerum molestias.",-27.252443,-123.324145,2023-04-22 23:48:01
7797008c-e497-4ebf-b65b-1a8be1cee8f8,"Barbosa Cunha e Filhos","Iusto error dolor ipsam totam. Sint unde occaecati dolorum pariatur. Dolor fuga totam quas.",79.0148205,-129.396478,2021-10-15 03:57:45
bce1fb1f-d393-4345-b7ad-01e359861e1b,"Teixeira","Quam hic ex in sint veritatis. Natus explicabo iste assumenda maxime.",-8.4712395,-100.130694,2022-01-24 23:35:11
05ef7c50-1e29-407a-b4a9-583b8c8b9417,"Simões S.A.","Laborum quis velit doloremque quaerat. Placeat est tempora odio. Vitae totam dicta ea.",-81.2583635,-10.170143,2022-03-17 14:31:09
83d73b7b-db4e-4b93-8671-5b9016508763,"Vicente Faria Lda.","Illum quae aperiam consequuntur aliquid quam. Quam porro doloremque minima.",-37.9762955,136.251436,2022-10-23 00:22:31
6f6fc25c-e604-4737-9c08-2616c213138d,"Pinho Fonseca S.A.","Aut laboriosam expedita maiores laborum ullam. Magnam velit aut iure quasi eveniet provident.",-51.2208735,-58.173910,2023-04-19 21:59:54
f95a47e6-5f65-4770-8326-9cb4daf41910,"Mota","Culpa nulla occaecati voluptatum temporibus. Animi distinctio expedita facilis.",-66.296303,142.091588,2020-04-24 03:09:56
002819be-76e1-4e55-bf8c-65dce49cbd71,"Neto","Ad deserunt eaque animi.",-48.4319465,-141.177877,2022-11-17 18:43:39
cc14417f-0193-490d-b387-8fade8bfbc78,"Teixeira Simões e Filhos","Corporis occaecati voluptatem aspernatur. Voluptatibus libero culpa adipisci.",-59.401400,-91.225832,2024-11-15 05:17:40
aa560b19-78b5-4d99-995f-088105d44378,"Vaz Marques S.A.","Autem dignissimos quo aut exercitationem impedit.",-6.5685775,-8.611918,2023-05-22 22:44:29
b1a03b81-7ed8-4d85-89f4-ead2a0fda231,"Ramos","Rem consequatur quasi eum. Recusandae dignissimos praesentium.",80.3474895,-161.080440,2023-10-14 18:19:10
e8b66edb-04d7-4cac-8f11-75b9fff3c7a1,"Teixeira","Facilis sapiente libero temporibus. Eum id soluta quasi.",74.487582,32.852880,2020-07-22 18:53:16
532ef71e-f787-4660-89a5-a2f7e39579ba,"Sousa","Ut commodi natus. Recusandae ut qui numquam totam veniam.",32.868274,155.774941,2023-11-19 07:12:12
7966efcd-76a1-46b2-8d80-4268a99ed6e6,"Oliveira","Quis ipsam aliquam maxime distinctio. Modi pariatur fuga cumque.",27.8812225,-78.363625,2024-07-04 05:57:16
4e2e02f8-c7d4-48d3-9f8e-97206685d5aa,"Simões","Tempore consectetur quis totam in reprehenderit dolorum libero. Aperiam saepe deleniti.",-32.777322,173.566546,2021-07-04 08:09:41
0817c152-7a58-4cfe-9103-09e2f81b9e7c,"Morais Pereira S.A.","Aspernatur possimus voluptate distinctio soluta iure. Cum eveniet similique deleniti esse.",32.562905,44.261328,2021-02-25 08:10:59
e0f45fe0-e68a-4ac0-80b6-8aa64a656911,"Neto Cruz e Filhos","Adipisci at maxime distinctio similique.",7.801747,102.604806,2023-07-09 15:49:52
a6d027ce-6b88-4c22-b30e-78b91522597f,"Vaz","Illo neque consequuntur minima deserunt dolorem. Maiores excepturi et est accusamus enim animi.",-71.7644135,-57.384867,2020-04-17 02:07:52
db82e287-0587-4639-860e-33a7fc4361b3,"Rodrigues Guerreiro S/A","Cupiditate quaerat possimus voluptatem. A eius illum accusantium sequi.",56.3012785,45.849279,2022-08-03 22:43:15
f51afd11-caae-4428-9cc4-9fd999d41b9e,"Coelho S/A","At odio numquam nulla. Fugit cum voluptates iure odio porro.",20.616135,88.363895,2023-05-08 08:26:32
146a3eee-c979-4b01-9b43-c7259af252a4,"Almeida","Consectetur adipisci ab architecto nobis quibusdam exercitationem. Ut accusamus tempore.",84.4399145,9.753354,2025-03-12 13:38:52
832a4b92-6f99-4c71-98a3-81ae3c727291,"Soares Nascimento S/A","Animi totam dolores. Reiciendis aut itaque aperiam. Provident dignissimos totam iste.",11.7872685,145.823438,2023-09-15 22:42:08
483d63ef-e65d-4ccf-b2d7-1fbbd034906f,"Antunes","Eligendi vero repellat dolores sed. Ad nihil odio.",70.7287155,-91.408003,2022-09-12 18:07:17
175a5abb-595d-41a8-b42c-583b15f9f0b3,"Guerreiro Garcia S/A","Quisquam corporis expedita ipsam amet. Placeat minus consequatur officiis.",-44.591252,132.487914,2023-10-02 21:54:06
bb6772c3-4785-4a8c-a4bc-96bd4e322a4a,"Ramos Nascimento S.A.","Architecto magni nihil. Eum optio impedit doloremque id. Sit illum autem eum quaerat voluptates.",-29.381200,-178.418240,2024-10-15 05:00:59
a68899bb-bb75-4588-83ab-460c3c6da6d4,"Soares","Occaecati reiciendis omnis eaque modi incidunt laudantium odio. Cumque neque ex nihil.",80.981007,-23.253577,2023-11-10 12:18:09
bc302dbe-d01b-4f33-918d-46563d2b3e17,"Lopes","Voluptatibus molestiae neque. Aut sit veniam accusantium doloribus.",-37.431566,-31.180172,2025-02-04 04:46:04
180bd203-8015-48b0-9e70-fc00a7482815,"Matias","Omnis mollitia voluptate ullam.",-4.9079365,-60.648054,2022-07-24 22:59:34
864b708e-d517-4559-be24-09387b836b44,"Ribeiro","Laborum dolores quos. Minima repellat alias eveniet.",49.550395,178.022188,2022-12-23 01:58:21
e013ce2a-6c31-461f-9f2a-9e760f980b0b,"Carvalho","Libero voluptate laborum explicabo. Amet error nesciunt earum.",29.4258445,71.712714,2021-09-23 07:06:21
62e572ab-3622-4578-a7a1-642e6ed27892,"Antunes Macedo Lda.","Quis quidem a nisi facere est expedita.",-61.9652005,79.099184,2023-01-25 15:20:17
aa8059af-f3b5-4f49-a8ad-ad4665a24083,"Figueiredo S.A.","Natus impedit facilis possimus vel perspiciatis. Sed dignissimos doloremque.",-66.8765095,-106.869664,2020-02-10 08:54:45
67ae265c-f793-4617-93fd-5d30dc57cfdf,"Moreira","Cum dolores maxime enim dignissimos officiis libero. Qui blanditiis saepe ab sed ipsum.",-35.336699,90.269495,2025-01-04 15:45:53
6479bdb2-6080-4cb8-91bb-85e0a7325af9,"Neto Pacheco e Filhos","Tenetur eum assumenda ex sunt. Ratione ratione aut error eaque modi voluptatum.",5.1256165,-101.574347,2020-12-31 00:32:53
a183021e-5c9e-4d95-93d4-a770441bd345,"Antunes S/A","Numquam nesciunt corporis nesciunt. Porro aspernatur fugit consequuntur tempore itaque maxime.",-14.862974,37.417439,2025-01-25 17:47:49
6e0c19cf-8a3c-467f-afb7-eef7d37f009b,"Pereira Baptista Lda.","Sint quasi repellendus aliquam aperiam ipsa. Nam eligendi quo qui iste cum laudantium sunt.",45.8731445,-102.146617,2024-12-09 21:46:38
78a745bc-7f52-42ec-8871-d7b6b1115492,"Machado","Ut laboriosam facere. Excepturi porro neque ipsam ex unde veniam natus.",71.3824045,-84.421659,2024-03-08 03:33:50
2f50434f-80ce-43a1-9792-a61ba4caf852,"Moura","Error hic eius. Quas officia architecto dolores amet. Eaque aliquam delectus eveniet.",20.424820,-33.576749,2022-05-05 12:52:15
74d02091-b1af-464e-ada4-3a71d17346ce,"Ribeiro","Voluptatem suscipit rerum. Nulla sed necessitatibus sequi et. Ipsum distinctio necessitatibus.",88.984547,-95.441758,2024-05-27 05:03:24
c335fb38-1e0e-4569-9235-8db87c5890cb,"Faria Macedo S/A","Eligendi atque exercitationem. Ut exercitationem vel.",75.3478785,63.453912,2020-09-18 16:19:11
8fa6981d-3b30-4536-98a9-011773e0e483,"Guerreiro S.A.","Praesentium vel ut perferendis deserunt ut possimus. Rerum modi laboriosam.",8.987379,-0.187588,2023-05-30 20:56:24
1657816a-65b1-4399-a71e-7c21daa639bb,"Araújo Ferreira Lda.","Quasi ipsa ad consequatur alias eaque incidunt.",25.8483095,-23.889146,2023-01-25 23:50:55
7f50145e-67e2-4885-854f-4f19978cedd5,"Barbosa","Doloremque provident nulla rerum ipsum sit. Nobis amet eos.",-49.988502,-129.231138,2023-06-11 11:19:28
98a44749-29bc-4537-b3b6-7806f1e9d20f,"Melo e Filhos","Nostrum mollitia itaque cumque dignissimos. Laboriosam quos magnam enim.",44.2895185,108.245698,2024-03-06 09:32:34
3fa6a2ba-9ce0-4eac-8005-3ad40407b311,"Jesus Esteves S/A","Occaecati ex tempore. Quo beatae aperiam nisi. Autem natus qui at maxime enim.",-53.598435,-120.627220,2020-10-14 12:07:02
d2ff8526-8ea0-4cfb-8a50-f69b4deb1abb,"Carvalho","Laboriosam autem est incidunt. Neque corporis perferendis nobis delectus eligendi omnis.",57.693953,-148.076499,2023-05-06 00:38:12
f99a57af-5ac8-43ce-9af2-8354312ff0d5,"Jesus e Filhos","Nihil voluptas nisi molestias. Eligendi ducimus pariatur illo eos minus. Id ut ipsam.",-68.722275,40.121853,2022-04-22 04:45:21
1d64941c-8091-4b3f-94d2-3622b0a47be5,"Pires Nascimento S.A.","Deleniti pariatur vero sequi eligendi aspernatur sunt. Eius pariatur natus nulla.",-46.463080,159.733313,2020-07-19 13:35:52
da2e8153-11a8-469e-adf4-9530f55014c8,"Faria","Tenetur ratione dolore. Eos in voluptas non sit laboriosam.",35.064039,-14.732003,2022-06-01 16:53:20
21490ada-f943-45c8-94e1-c0b8f7a9722c,"Pinto","Veniam iusto modi eius earum nostrum. Nam iusto autem rem sunt. A alias sapiente fuga.",-84.2020735,108.706573,2020-11-17 21:04:16
afa57fc0-d3c6-4165-9ec8-868bf3f85796,"Neves","Praesentium nobis reiciendis sint vitae. Voluptatem esse veritatis est eos.",-38.373358,52.179798,2025-03-20 18:09:44
3753a7d5-f1ad-42bd-a295-e07d67344d48,"Melo Paiva S.A.","Dolorem incidunt iure doloribus nemo. Blanditiis tempora iusto cupiditate.",-13.7291255,-93.592354,2021-10-05 22:50:26
80cee978-08d0-470e-8fc4-4d7fd34669ae,"Nunes","Quibusdam quos nam quo ea provident sed. Rem a autem similique ex sit. Beatae atque et nam.",7.9577685,-179.188961,2022-09-08 21:25:24
9446a2ab-782b-4d6e-a54d-3fe3f8bdde36,"Carvalho","Incidunt unde quae exercitationem. Debitis quasi omnis reiciendis ea libero quis.",8.592739,157.257875,2023-04-02 02:49:54
b12156bd-13ce-4f1f-9105-cdd8d8f79c10,"Leal","Ipsum expedita vel temporibus.",45.4033635,170.699166,2020-01-20 00:49:57
fea55e91-7f03-47ea-b7fe-83d883ae78fc,"Fonseca","Est illum a sunt vitae a nam. Odit repellat laudantium harum quod esse. Dolores optio ut quo.",-61.7375965,115.874937,2024-08-11 03:50:30
737ec829-8c37-4c25-b7c6-a99bd619f1c3,"Araújo","Ad quia veniam libero beatae. Excepturi corporis quibusdam dolores.",13.199936,-161.221032,2020-02-07 23:51:12
62ac98eb-33dd-41a4-9f2d-b86fb57d6092,"Lopes","Numquam velit dolore provident quam sapiente. Repudiandae voluptas officia vitae reiciendis dicta.",14.0099345,34.384246,2025-02-06 13:42:15
ac41322e-0a8e-463d-bc09-b5bb1bbba032,"Moura","Dolorem nulla unde ex neque commodi.",-17.019499,11.030124,2025-01-07 20:43:46
0aa0870d-0e32-4470-ad61-ef803b6c4760,"Nunes","Nam porro asperiores amet quo vel accusantium. Quas ducimus vel aliquid excepturi.",81.971713,99.925141,2022-11-03 21:35:36
1ac1f0d0-f657-4ba9-9ff7-28ffd6c22354,"Moura e Filhos","Veritatis error esse rem animi sint. Atque cum molestiae ipsa.",30.789928,-106.094191,2020-07-26 14:00:49
58bc1f6b-f2fe-424f-818c-5bfbda311141,"Batista","Excepturi officiis amet consequatur. Nemo sunt qui earum voluptates provident.",51.4768245,130.127231,2023-10-19 13:21:51
0db37c25-f173-4086-8919-e6b6f69f6039,"Amorim","Pariatur reprehenderit non ea laudantium fugiat quis. Corporis facere architecto doloremque.",65.8938425,2.888974,2023-07-04 18:05:06
8921f22c-4d87-442f-b1e6-6549c1077af6,"Ribeiro","Tempora omnis quis aperiam ducimus. Explicabo distinctio quos repudiandae a esse.",-5.9415175,171.554505,2021-11-27 16:45:40
b84a059d-e847-420d-bc7d-9e0aee0ae628,"Carvalho Almeida e Filhos","Modi sit commodi iste facere. Rem iste molestiae doloremque tempore.",46.2130295,40.846473,2022-05-05 07:08:14
4c2a22c4-b86e-4585-aa80-5e4b77bb168d,"Costa","Odio reprehenderit maxime totam. Nulla rem cumque laudantium commodi recusandae.",67.698737,-106.759605,2025-03-12 17:09:57
a0d10433-24e3-4450-a65f-f3260e19143e,"Anjos","Dolores accusantium totam sunt placeat ex. Nostrum eveniet corrupti aperiam accusantium aperiam.",42.9379095,3.214175,2023-01-17 22:04:24
dc43b884-ab24-4b4e-b4b4-3cb424e4d78a,"Oliveira S.A.","Architecto officia ab doloribus. In ad cum accusamus placeat repudiandae.",-33.402073,-57.791848,2021-05-28 08:59:22
0740583b-1285-429f-a41d-8c50a6aef7c1,"Neves","Delectus voluptate vel delectus delectus facilis rerum. Iste nulla tempora aspernatur eos.",-43.8290875,-16.671831,2020-09-11 16:49:01
c7df31a5-042d-4adf-a687-90b3f558d51a,"Nunes Miranda S.A.","Dicta quo sapiente magnam itaque occaecati soluta. Occaecati inventore omnis cumque eaque.",-44.5722325,-80.271611,2022-06-11 00:49:04
551e6f32-80c9-44b1-bb0d-2d0dbd8756b2,"Oliveira","Harum architecto repellat ipsam sed. Veniam distinctio optio. Iusto esse omnis id minus voluptate.",18.3536995,-28.258623,2021-05-31 16:53:56